Make,Honda,Toyota,Honda,Ford,Honda,Toyota,Lexus,Toyota,Lexus,Lexus,Nissan,Lexus,Saturn,Chevrolet,Chevrolet,Saturn,Dodge,Chevrolet,Ford,Mercedes-Benz,Mercedes-Benz,Mercedes-Benz,Mazda,BMW,BMW,Honda,Lincoln,Porsche,Lexus,Volkswagen,Infinity,Hyundai,Buick,Buick,Porsche,Kia,Acura,Ford,Lexus,Audi,Toyota,Volkswagen,Mercedes-Benz,Infiniti,Chevrolet,Infiniti,Nissan,Subaru,Acura,Lexus,Toyota,Acura,Kia,Hyundai,Chevrolet,Toyota,Ford,Honda,Ford,Porsche,Cadillac,BMW,Porsche,Mercedes-Benz,Volvo,BMW,Hyundai,Audi,BMW,Mercedes-Benz,BMW,Mercedes-Benz,Kia,Nissan,Smart,Mitsubishi,BMW,Ford,Honda,Tesla,Toyota,Chevrolet,Fiat,BMW,Mercedes-Benz,Volkswagen,Kia,Tesla,Chevrolet,Hyundai,Toyota,Honda
Model,Insight,Prius,Civic,Escape,Accord,Highlander,RX 450h,Camry,GS 450h,HS 250h,Altima,LS 600hL,Vue,Tahoe,Malibu,Aura,Durango,Silverado,Fusion,S400,ML450,E320,Tribute,X6,Activehybrid3&5&7,CR-z,MKZ,Cayenne,CT 200h,Touareg,Q70 (M35h),Sonata,LaCrosse,Regal,Panamera S,Optima,ILX,C-Max,ES Hybrid,Q5 Hybrid,Avalon,Jetta,E400H,Q50,Impala Hybrid,QX60,Pathfinder Hybrid,XV,RLX,NX Hybrid,RAV4,NSX,Niro Hybrid,Ioniq Hybrid,Volt,Prius Plug-in,C-Max Energi,Accord,Fusion Energi,Panamera S E-Hybrid,ELR,i8,Cayenne S E-hybrid,S550 Plug,XC90 Plug In,X5,Sonata Plug In,A3 Plug In,3-series Plug-In,GLE 550e,7-series Plug-in,C350We,Optima Plug-in,LEAF,ED,I EV,Active E,Focus,Fit EV,Model S,RAV4 EV,Spark,500E,i3,B-Class,e-Golf,Soul EV,Model X,Bolt,Tucson,Mirai,Clarity
Type,HEV,HEV,HEV,HEV,HEV,HEV,HEV,HEV,HEV,HEV,HEV,HEV,HEV,HEV,HEV,HEV,HEV,HEV,HEV,HEV,HEV,HEV,HEV,HEV,HEV,HEV,HEV,HEV,HEV,HEV,HEV,HEV,HEV,HEV,HEV,HEV,HEV,HEV,HEV,HEV,HEV,HEV,HEV,HEV,HEV,HEV,HEV,HEV,HEV,HEV,HEV,HEV,HEV,HEV,PHEV,PHEV,PHEV,PHEV,PHEV,PHEV,PHEV,PHEV,PHEV,PHEV,PHEV,PHEV,PHEV,PHEV,PHEV,PHEV,PHEV,PHEV,PHEV,BEV,BEV,BEV,BEV,BEV,BEV,BEV,BEV,BEV,BEV,BEV,BEV,BEV,BEV,BEV,BEV,FCEV,FCEV,FCEV
2005-01,7,5566,1169,908,805,,,,,,,,,,,,,,,,,,,,,,,,,,,,,,,,,,,,,,,,,,,,,,,,,,,,,,,,,,,,,,,,,,,,,,,,,,,,,,,,,,,,,,,
2005-02,22,7078,1353,1092,855,,,,,,,,,,,,,,,,,,,,,,,,,,,,,,,,,,,,,,,,,,,,,,,,,,,,,,,,,,,,,,,,,,,,,,,,,,,,,,,,,,,,,,,
2005-03,56,10236,2896,1569,1862,,13,,,,,,,,,,,,,,,,,,,,,,,,,,,,,,,,,,,,,,,,,,,,,,,,,,,,,,,,,,,,,,,,,,,,,,,,,,,,,,,,,,,,,
2005-04,90,11345,3466,1705,2023,,2345,,,,,,,,,,,,,,,,,,,,,,,,,,,,,,,,,,,,,,,,,,,,,,,,,,,,,,,,,,,,,,,,,,,,,,,,,,,,,,,,,,,,,
2005-05,52,9461,1895,1234,1314,35,2931,,,,,,,,,,,,,,,,,,,,,,,,,,,,,,,,,,,,,,,,,,,,,,,,,,,,,,,,,,,,,,,,,,,,,,,,,,,,,,,,,,,,,
2005-06,69,9622,1852,1126,1080,2869,2605,,,,,,,,,,,,,,,,,,,,,,,,,,,,,,,,,,,,,,,,,,,,,,,,,,,,,,,,,,,,,,,,,,,,,,,,,,,,,,,,,,,,,
2005-07,68,9691,2329,1168,1376,2564,2262,,,,,,,,,,,,,,,,,,,,,,,,,,,,,,,,,,,,,,,,,,,,,,,,,,,,,,,,,,,,,,,,,,,,,,,,,,,,,,,,,,,,,
2005-08,80,9850,4146,1363,2336,2925,2607,,,,,,,,,,,,,,,,,,,,,,,,,,,,,,,,,,,,,,,,,,,,,,,,,,,,,,,,,,,,,,,,,,,,,,,,,,,,,,,,,,,,,
2005-09,83,8193,1916,1808,2352,2715,2113,,,,,,,,,,,,,,,,,,,,,,,,,,,,,,,,,,,,,,,,,,,,,,,,,,,,,,,,,,,,,,,,,,,,,,,,,,,,,,,,,,,,,
2005-10,37,9939,231,1313,1266,2330,1904,,,,,,,,,,,,,,,,,,,,,,,,,,,,,,,,,,,,,,,,,,,,,,,,,,,,,,,,,,,,,,,,,,,,,,,,,,,,,,,,,,,,,
2005-11,60,7889,2083,1121,837,2353,1722,,,,,,,,,,,,,,,,,,,,,,,,,,,,,,,,,,,,,,,,,,,,,,,,,,,,,,,,,,,,,,,,,,,,,,,,,,,,,,,,,,,,,
2005-12,42,9027,2528,1553,720,2198,2172,,,,,,,,,,,,,,,,,,,,,,,,,,,,,,,,,,,,,,,,,,,,,,,,,,,,,,,,,,,,,,,,,,,,,,,,,,,,,,,,,,,,,
2006-01,59,7654,3166,898,351,2263,1477,,,,,,,,,,,,,,,,,,,,,,,,,,,,,,,,,,,,,,,,,,,,,,,,,,,,,,,,,,,,,,,,,,,,,,,,,,,,,,,,,,,,,
2006-02,72,6547,1781,1341,783,2631,1803,,,,,,,,,,,,,,,,,,,,,,,,,,,,,,,,,,,,,,,,,,,,,,,,,,,,,,,,,,,,,,,,,,,,,,,,,,,,,,,,,,,,,
2006-03,79,7922,2232,1590,581,2987,2470,,,,,,,,,,,,,,,,,,,,,,,,,,,,,,,,,,,,,,,,,,,,,,,,,,,,,,,,,,,,,,,,,,,,,,,,,,,,,,,,,,,,,
2006-04,110,8234,3087,3420,614,3768,2247,86,141,,,,,,,,,,,,,,,,,,,,,,,,,,,,,,,,,,,,,,,,,,,,,,,,,,,,,,,,,,,,,,,,,,,,,,,,,,,,,,,,,,,
2006-05,92,8103,2890,2862,520,3755,2006,3032,294,,,,,,,,,,,,,,,,,,,,,,,,,,,,,,,,,,,,,,,,,,,,,,,,,,,,,,,,,,,,,,,,,,,,,,,,,,,,,,,,,,,
2006-06,77,9696,2601,1884,396,2705,1190,4268,231,,,,,,,,,,,,,,,,,,,,,,,,,,,,,,,,,,,,,,,,,,,,,,,,,,,,,,,,,,,,,,,,,,,,,,,,,,,,,,,,,,,
2006-07,91,11114,2673,2060,504,2784,1220,5023,157,,,,,,,,,,,,,,,,,,,,,,,,,,,,,,,,,,,,,,,,,,,,,,,,,,,,,,,,,,,,,,,,,,,,,,,,,,,,,,,,,,,
2006-08,109,11177,3411,1789,499,2581,1514,4977,192,,,,,,,,,,,,,,,,,,,,,,,,,,,,,,,,,,,,,,,,,,,,,,,,,,,,,,,,,,,,,,,,,,,,,,,,,,,,,,,,,,,
2006-09,19,10492,2508,1651,389,2347,1687,4044,164,,,,,,,,,,,,,,,,,,,,,,,,,,,,,,,,,,,,,,,,,,,,,,,,,,,,,,,,,,,,,,,,,,,,,,,,,,,,,,,,,,,
2006-10,9,8733,2288,1602,287,1643,1239,2806,177,,,,,,,,,,,,,,,,,,,,,,,,,,,,,,,,,,,,,,,,,,,,,,,,,,,,,,,,,,,,,,,,,,,,,,,,,,,,,,,,,,,
2006-11,2,8008,2208,1484,311,1667,1327,3100,176,,,,,,,,,,,,,,,,,,,,,,,,,,,,,,,,,,,,,,,,,,,,,,,,,,,,,,,,,,,,,,,,,,,,,,,,,,,,,,,,,,,
2006-12,3,9291,2408,1968,363,2354,1981,4005,252,,,,,,,,,,,,,,,,,,,,,,,,,,,,,,,,,,,,,,,,,,,,,,,,,,,,,,,,,,,,,,,,,,,,,,,,,,,,,,,,,,,
2007-01,0,8299,1783,1238,248,1810,1245,2801,167,,,,793,,,,,,,,,,,,,,,,,,,,,,,,,,,,,,,,,,,,,,,,,,,,,,,,,,,,,,,,,,,,,,,,,,,,,,,,,,,,,,,
2007-02,0,12227,1924,1696,312,1892,1249,3332,160,,206,,793,,,,,,,,,,,,,,,,,,,,,,,,,,,,,,,,,,,,,,,,,,,,,,,,,,,,,,,,,,,,,,,,,,,,,,,,,,,,,,,
2007-03,1,19156,2813,2523,385,2501,1471,5144,181,,462,,793,,,,,,,,,,,,,,,,,,,,,,,,,,,,,,,,,,,,,,,,,,,,,,,,,,,,,,,,,,,,,,,,,,,,,,,,,,,,,,,
2007-04,2,13056,2855,2275,318,2394,1384,4410,174,,483,,793,,,,,,,,,,,,,,,,,,,,,,,,,,,,,,,,,,,,,,,,,,,,,,,,,,,,,,,,,,,,,,,,,,,,,,,,,,,,,,,
2007-05,0,24009,4520,3214,439,3312,1746,6853,181,,821,,797,,,,,,,,,,,,,,,,,,,,,,,,,,,,,,,,,,,,,,,,,,,,,,,,,,,,,,,,,,,,,,,,,,,,,,,,,,,,,,,
2007-06,0,17756,3246,2526,342,2403,1562,5530,131,,804,,,,,,,,,,,,,,,,,,,,,,,,,,,,,,,,,,,,,,,,,,,,,,,,,,,,,,,,,,,,,,,,,,,,,,,,,,,,,,,,,
2007-07,0,16062,2493,1578,260,1205,1385,4329,142,,1131,,,,,,,,,,,,,,,,,,,,,,,,,,,,,,,,,,,,,,,,,,,,,,,,,,,,,,,,,,,,,,,,,,,,,,,,,,,,,,,,,
2007-08,0,14055,2102,1833,275,378,1172,4284,130,,643,267,,,,,,,,,,,,,,,,,,,,,,,,,,,,,,,,,,,,,,,,,,,,,,,,,,,,,,,,,,,,,,,,,,,,,,,,,,,,,,,,
2007-09,0,12494,2092,1652,229,193,979,4196,72,,756,196,,,,,,,,,,,,,,,,,,,,,,,,,,,,,,,,,,,,,,,,,,,,,,,,,,,,,,,,,,,,,,,,,,,,,,,,,,,,,,,,
2007-10,0,13158,2286,2084,243,596,1392,3511,71,,927,175,,,,,,,,,,,,,,,,,,,,,,,,,,,,,,,,,,,,,,,,,,,,,,,,,,,,,,,,,,,,,,,,,,,,,,,,,,,,,,,,
2007-11,0,16737,3238,2224,204,2577,1674,5118,100,,1191,170,,,,,,,,,,,,,,,,,,,,,,,,,,,,,,,,,,,,,,,,,,,,,,,,,,,,,,,,,,,,,,,,,,,,,,,,,,,,,,,,
2007-12,0,14212,3223,2265,150,2791,2032,4969,136,,964,129,,,,,,,,,,,,,,,,,,,,,,,,,,,,,,,,,,,,,,,,,,,,,,,,,,,,,,,,,,,,,,,,,,,,,,,,,,,,,,,,
2008-01,0,11379,1745,1474,48,2143,1211,3750,64,,473,105,135,233,112,14,,,,,,,,,,,,,,,,,,,,,,,,,,,,,,,,,,,,,,,,,,,,,,,,,,,,,,,,,,,,,,,,,,,,,,,,,,,,
2008-02,0,10895,1808,1743,42,1938,1148,4121,77,,529,112,135,234,112,14,,,,,,,,,,,,,,,,,,,,,,,,,,,,,,,,,,,,,,,,,,,,,,,,,,,,,,,,,,,,,,,,,,,,,,,,,,,,
2008-03,0,20635,3769,2008,53,2239,1570,6930,65,,832,113,135,234,112,14,,,,,,,,,,,,,,,,,,,,,,,,,,,,,,,,,,,,,,,,,,,,,,,,,,,,,,,,,,,,,,,,,,,,,,,,,,,,
2008-04,0,21757,4324,1907,25,2578,1624,6678,82,,801,122,135,234,112,15,,,,,,,,,,,,,,,,,,,,,,,,,,,,,,,,,,,,,,,,,,,,,,,,,,,,,,,,,,,,,,,,,,,,,,,,,,,,
2008-05,0,15011,4676,2378,16,2644,2155,5999,98,,1607,112,340,589,282,36,,,,,,,,,,,,,,,,,,,,,,,,,,,,,,,,,,,,,,,,,,,,,,,,,,,,,,,,,,,,,,,,,,,,,,,,,,,,
2008-06,0,11765,2710,1912,7,1511,1330,3054,73,,1333,73,277,547,295,30,,,,,,,,,,,,,,,,,,,,,,,,,,,,,,,,,,,,,,,,,,,,,,,,,,,,,,,,,,,,,,,,,,,,,,,,,,,,
2008-07,0,14785,3440,1265,3,1371,1439,2645,40,,715,83,362,351,349,29,,,,,,,,,,,,,,,,,,,,,,,,,,,,,,,,,,,,,,,,,,,,,,,,,,,,,,,,,,,,,,,,,,,,,,,,,,,,
2008-08,0,13463,3105,1338,2,1227,1277,3456,35,,442,71,417,798,388,26,,,,,,,,,,,,,,,,,,,,,,,,,,,,,,,,,,,,,,,,,,,,,,,,,,,,,,,,,,,,,,,,,,,,,,,,,,,,
2008-09,0,10873,2020,990,0,921,744,2785,29,,470,47,443,1101,382,31,,,,,,,,,,,,,,,,,,,,,,,,,,,,,,,,,,,,,,,,,,,,,,,,,,,,,,,,,,,,,,,,,,,,,,,,,,,,
2008-10,0,11804,1621,1997,1,1022,615,2792,22,,554,55,354,795,325,22,,,,,,,,,,,,,,,,,,,,,,,,,,,,,,,,,,,,,,,,,,,,,,,,,,,,,,,,,,,,,,,,,,,,,,,,,,,,
2008-11,0,8660,1043,1361,0,907,624,2174,42,,353,37,328,767,195,45,35,,,,,,,,,,,,,,,,,,,,,,,,,,,,,,,,,,,,,,,,,,,,,,,,,,,,,,,,,,,,,,,,,,,,,,,,,,,
2008-12,0,7859,1036,1149,1,890,1463,1888,51,,710,50,338,1729,454,34,46,,,,,,,,,,,,,,,,,,,,,,,,,,,,,,,,,,,,,,,,,,,,,,,,,,,,,,,,,,,,,,,,,,,,,,,,,,,
2009-01,0,8121,1076,880,1,984,1556,1141,41,,644,33,153,599,145,19,42,7,,,,,,,,,,,,,,,,,,,,,,,,,,,,,,,,,,,,,,,,,,,,,,,,,,,,,,,,,,,,,,,,,,,,,,,,,,
2009-02,0,7232,1362,1294,0,956,1502,2080,22,,463,22,188,632,197,23,0,47,,,,,,,,,,,,,,,,,,,,,,,,,,,,,,,,,,,,,,,,,,,,,,,,,,,,,,,,,,,,,,,,,,,,,,,,,,
2009-03,569,8924,2869,1351,0,1037,1165,2554,42,,834,25,362,609,547,26,0,68,451,,,,,,,,,,,,,,,,,,,,,,,,,,,,,,,,,,,,,,,,,,,,,,,,,,,,,,,,,,,,,,,,,,,,,,,,,
2009-04,2096,8385,3361,1134,0,933,655,2198,33,,222,19,338,523,547,31,0,95,1165,,,,,,,,,,,,,,,,,,,,,,,,,,,,,,,,,,,,,,,,,,,,,,,,,,,,,,,,,,,,,,,,,,,,,,,,,
2009-05,2780,10091,2077,1827,0,1351,393,2941,43,,345,27,227,641,706,35,0,130,2079,,,,,,,,,,,,,,,,,,,,,,,,,,,,,,,,,,,,,,,,,,,,,,,,,,,,,,,,,,,,,,,,,,,,,,,,,
2009-06,2079,12998,1583,1405,0,1098,527,2093,27,,666,31,239,547,489,56,0,123,2244,,,,,,,,,,,,,,,,,,,,,,,,,,,,,,,,,,,,,,,,,,,,,,,,,,,,,,,,,,,,,,,,,,,,,,,,,
2009-07,2295,19173,969,2543,0,1171,1369,2509,45,,1030,28,269,538,476,24,0,180,2810,,,,,,,,,,,,,,,,,,,,,,,,,,,,,,,,,,,,,,,,,,,,,,,,,,,,,,,,,,,,,,,,,,,,,,,,,
2009-08,4226,18886,717,2102,0,836,1754,2114,48,543,3164,10,414,562,441,65,0,226,2593,,,,,,,,,,,,,,,,,,,,,,,,,,,,,,,,,,,,,,,,,,,,,,,,,,,,,,,,,,,,,,,,,,,,,,,,,
2009-09,1746,10984,152,878,0,269,1168,872,38,1242,345,12,90,615,156,30,0,120,1260,,,,,,,,,,,,,,,,,,,,,,,,,,,,,,,,,,,,,,,,,,,,,,,,,,,,,,,,,,,,,,,,,,,,,,,,,
2009-10,1739,13496,239,949,0,700,1567,1407,39,1527,299,21,56,792,114,30,0,167,1333,,,,,,,,,,,,,,,,,,,,,,,,,,,,,,,,,,,,,,,,,,,,,,,,,,,,,,,,,,,,,,,,,,,,,,,,,
2009-11,1403,9617,243,960,0,722,1210,1465,37,1407,503,15,134,489,212,29,0,156,1401,,,,,,,,,,,,,,,,,,,,,,,,,,,,,,,,,,,,,,,,,,,,,,,,,,,,,,,,,,,,,,,,,,,,,,,,,
2009-12,1639,11775,471,1157,0,1029,1598,1513,54,1980,842,15,186,645,132,159,0,279,1686,,,,,,,,,,,,,,,,,,,,,,,,,,,,,,,,,,,,,,,,,,,,,,,,,,,,,,,,,,,,,,,,,,,,,,,,,
2010-01,1307,8484,253,715,0,526,1016,867,41,1247,1059,9,14,278,67,25,0,97,1152,77,70,,43,22,,,,,,,,,,,,,,,,,,,,,,,,,,,,,,,,,,,,,,,,,,,,,,,,,,,,,,,,,,,,,,,,,,,,
2010-02,2014,7968,346,782,0,339,890,1011,22,712,619,15,4,315,68,2,0,106,1317,77,69,,42,21,,,,,,,,,,,,,,,,,,,,,,,,,,,,,,,,,,,,,,,,,,,,,,,,,,,,,,,,,,,,,,,,,,,,
2010-03,1652,11786,579,1282,0,594,1251,1549,31,1494,394,9,8,368,80,4,0,180,1784,98,67,,59,21,,,,,,,,,,,,,,,,,,,,,,,,,,,,,,,,,,,,,,,,,,,,,,,,,,,,,,,,,,,,,,,,,,,,
2010-04,1880,12555,621,1119,0,692,1232,1655,25,1076,330,7,4,399,67,0,0,161,1607,108,37,,58,21,,,,,,,,,,,,,,,,,,,,,,,,,,,,,,,,,,,,,,,,,,,,,,,,,,,,,,,,,,,,,,,,,,,,
2010-05,1913,14248,717,1383,0,683,1358,1455,38,1360,1167,8,3,565,41,2,0,337,2562,101,181,,61,12,7,,,,,,,,,,,,,,,,,,,,,,,,,,,,,,,,,,,,,,,,,,,,,,,,,,,,,,,,,,,,,,,,,,,
2010-06,1491,10998,595,1360,0,611,1304,1097,22,603,479,4,14,368,36,5,0,120,2103,63,212,,55,128,11,,,,,,,,,,,,,,,,,,,,,,,,,,,,,,,,,,,,,,,,,,,,,,,,,,,,,,,,,,,,,,,,,,,
2010-07,1858,14102,617,1220,0,575,1356,1276,16,165,378,14,0,262,14,4,0,135,1676,69,24,,68,3,9,,,,,,,,,,,,,,,,,,,,,,,,,,,,,,,,,,,,,,,,,,,,,,,,,,,,,,,,,,,,,,,,,,,
2010-08,2030,11799,761,790,0,486,1370,1165,15,594,284,15,2,252,12,3,0,379,3104,84,79,,55,3,26,694,,,,,,,,,,,,,,,,,,,,,,,,,,,,,,,,,,,,,,,,,,,,,,,,,,,,,,,,,,,,,,,,,,
2010-09,1679,11394,667,842,0,523,1112,1104,18,711,511,9,0,215,2,1,0,232,1756,83,24,,53,2,9,1236,10,,,,,,,,,,,,,,,,,,,,,,,,,,,,,,,,,,,,,,,,,,,,,,,,,,,,,,,,,,,,,,,,,
2010-10,1965,11731,662,809,0,756,1402,1194,29,792,443,9,0,245,6,4,0,391,1816,114,2,,67,0,7,1419,366,,,,,,,,,,,,,,,,,,,,,,,,,,,,,,,,,,,,,,,,,,,,,,,,,,,,,,,,,,,,,,,,,
2010-11,1536,10224,612,814,0,722,1293,983,18,788,434,13,0,213,7,0,0,97,1586,39,0,,46,9,8,1024,392,,,,,,,,,,,,,,,,,,,,,,,,,,,,,,,,,,,,,,,,,,,,,,,,,,,,,,,,,,,,,,,,,
2010-12,1637,15639,906,972,0,949,1535,1231,30,1121,612,17,1,377,5,5,0,158,1769,42,1,,48,6,25,876,424,206,,,,,,,,,,,,,,,,,,,,,,,,,,,326,,,,,,,,,,,,,,,,,,,19,0,,,,,,,,,,,,,,,,,
2011-01,1554,10635,653,520,0,689,912,860,19,286,365,8,0,217,0,0,0,213,969,26,1,,36,5,32,894,370,211,,65,,,,,,,,,,,,,,,,,,,,,,,,,321,,,,,,,,,,,,,,,,,,,87,16,,,,,,,,,,,,,,,,,
2011-02,1722,13539,532,795,0,707,999,993,33,183,366,7,0,191,0,0,0,67,1379,24,0,,37,9,35,1091,395,142,,60,,,,,,,,,,,,,,,,,,,,,,,,,281,,,,,,,,,,,,,,,,,,,67,16,,,,,,,,,,,,,,,,,
2011-03,2782,18605,441,1195,0,797,1438,1437,24,230,545,9,0,278,0,0,0,120,1466,25,0,,34,5,38,1685,615,114,2199,44,,,,,,,,,,,,,,,,,,,,,,,,,608,,,,,,,,,,,,,,,,,,,298,0,,,,,,,,,,,,,,,,,
2011-04,2644,12477,121,1070,0,380,1167,1110,29,279,334,10,0,276,0,0,0,119,1285,32,0,,37,2,32,1819,503,107,875,52,42,,,,,,,,,,,,,,,,,,,,,,,,493,,,,,,,,,,,,,,,,,,,573,0,,,,,,,,,,,,,,,,,
2011-05,1435,6924,268,1118,0,149,610,592,18,220,499,1,0,229,2,0,0,111,1256,49,0,,35,3,38,1557,561,114,454,40,36,,,,,,,,,,,,,,,,,,,,,,,,481,,,,,,,,,,,,,,,,,,,1142,8,,,,,,,,,,,,,,,,,
2011-06,1021,4340,418,826,0,74,413,449,24,159,250,4,0,129,22,0,0,90,969,26,0,59,64,6,27,966,483,177,240,23,33,1422,,,,,,,,,,,,,,,,,,,,,,,561,,,,,,,,,,,,,,,,,,,1708,0,,,,,,,,,,,,,,,,,
2011-07,987,7907,311,652,0,185,671,393,26,306,204,6,0,115,0,0,0,37,456,25,0,0,48,5,20,878,480,130,1553,14,35,4177,,,,,,,,,,,,,,,,,,,,,,,125,,,,,,,,,,,,,,,,,,,931,1,,,,,,,,,,,,,,,,,
2011-08,961,9491,106,563,0,226,841,318,17,284,318,9,0,76,0,0,0,23,216,15,0,0,51,0,15,745,491,128,2087,10,54,4136,,,,,,,,,,,,,,,,,,,,,,,302,,,,,,,,,,,,,,,,,,,1362,1,,,,,,,,,,,,,,,,,
2011-09,512,9325,305,566,0,218,650,229,18,231,217,8,0,31,0,0,0,82,552,22,0,0,32,4,16,537,455,112,1444,14,45,2000,,,,,,,,,,,,,,,,,,,,,,,723,,,,,,,,,,,,,,,,,,,1031,0,,,,,,,,,,,,,,,,,
2011-10,492,11008,480,573,0,239,861,333,19,205,49,9,0,88,0,0,0,53,857,9,0,0,38,2,9,289,477,107,1511,18,33,2001,297,,,,,,,,,,,,,,,,,,,,,,1108,,,,,,,,,,,,,,,,,,,849,17,,,,,,,,,,,,,,,,,
2011-11,749,15208,503,1131,0,322,928,730,22,207,55,5,0,79,0,0,0,45,993,19,0,0,36,-1,25,305,475,140,1759,21,46,1723,522,37,26,,,,,,,,,,,,,,,,,,,,1139,,,,,,,,,,,,,,,,,,,672,101,,,,,,,,,,,,,,,,,
2011-12,690,17004,565,1080,0,563,1233,1797,33,274,34,9,0,168,0,0,0,205,888,37,0,0,36,3,51,564,434,89,2259,29,54,1907,982,86,26,,,,,,,,,,,,,,,,,,,,1529,,,,,,,,,,,,,,,,,,,954,182,76,,,,,,,,,,,,,,,,
2012-01,492,11555,449,345,0,362,753,2116,25,152,27,8,0,76,1,0,0,25,611,11,0,0,24,0,31,363,253,112,1025,36,35,1304,781,63,39,705,,,,,,,,,,,,,,,,,,,603,,,,,,,,,,,,,,,,,,,676,0,36,112,,,,,,,,,,,,,,,
2012-02,773,20589,741,434,0,474,826,3750,20,150,22,6,0,151,350,0,0,54,1110,28,13,0,21,0,60,466,419,137,1640,18,58,1568,1248,137,34,925,,,,,,,,,,,,,,,,,,,1023,,,,,,,,,,,,,,,,,,,478,2,44,115,,,,,,,,,,,,,,,
2012-03,1032,27800,906,162,0,607,992,5404,12,261,18,5,0,227,1416,0,0,94,1009,10,0,0,29,2,54,536,626,124,2223,19,47,2095,1117,135,43,1201,,,,,,,,,,,,,,,,,,,2289,911,,,,,,,,,,,,,,,,,,579,0,56,326,,,,,,,,,,,,,,,
2012-04,738,23514,766,0,0,552,801,4406,10,28,10,8,0,144,1557,0,0,42,778,8,0,0,16,-1,29,334,397,104,1620,12,23,1847,1165,130,26,837,,,,,,,,,,,,,,,,,,,1462,1654,,,,,,,,,,,,,,,,,,370,0,79,30,,,,,,,,,,,,,,,
2012-05,512,20391,708,206,0,560,1011,4403,42,21,9,6,0,161,1642,0,0,62,683,7,0,0,0,1,26,296,480,150,1549,18,78,1869,1202,174,73,810,34,,,,,,,,,,,,,,,,,,1680,1086,,,,,,,,,,,,,,,,,,510,0,85,11,6,,,,,,,,,,,,,,
2012-06,494,18455,548,17,0,496,1193,3471,75,10,3,6,0,124,2002,0,0,38,797,8,3,0,0,1,9,409,451,42,1387,25,73,1884,1245,219,25,933,115,,,,,,,,,,,,,,,,,,1760,695,,,,,,,,,,,,,,,,,,535,127,33,79,89,,,,,,,,,,,,,,
2012-07,419,15955,471,50,0,469,1171,3197,60,5,7,1,0,132,1938,0,0,48,1109,5,2,0,0,1,21,330,594,60,1499,27,59,1888,867,233,35,848,110,0,,,,,,,,,,,,,,,,,1849,688,,,,,,,,,,,,,,,,,,395,6,33,0,38,7,,,,,,,,,,,,,
2012-08,341,20064,579,34,0,449,1170,3840,94,7,0,0,0,135,2414,0,0,96,1071,11,2,0,0,0,25,392,998,69,1472,17,60,1766,1024,331,48,907,136,0,817,,,,,,,,,,,,,,,,2831,1047,,,,,,,,,,,,,,,,,,685,1,37,0,34,9,100,,,,,,,,,,,,
2012-09,246,17280,493,81,0,413,944,3704,89,8,3,1,0,110,1656,0,0,29,898,9,2,0,0,0,40,335,781,84,1195,5,45,1560,840,463,86,902,140,969,1400,25,,,,,,,,,,,,,,,2851,1652,,,,,,,,,,,,,,,,,,984,0,36,0,59,16,150,61,,,,,,,,,,,
2012-10,251,14885,453,9,0,466,997,2986,68,3,3,5,0,146,1266,0,0,72,956,10,0,0,0,-1,321,244,465,106,1199,11,66,1510,978,287,48,745,144,3038,1520,33,,,,,,,,,,,,,,,2961,1889,144,,,,,,,,,,,,,,,,,1579,0,30,-2,118,16,450,47,,,,,,,,,,,
2012-11,238,14739,530,21,0,485,971,3936,60,3,1,2,0,171,1041,0,0,188,1834,4,0,0,0,2,214,244,282,108,1264,44,71,1589,724,211,67,681,174,3589,1424,90,,,,,,,,,,,,,,,1519,1766,1259,,,,,,,,,,,,,,,,,1539,3,42,0,172,26,800,32,,,,,,,,,,,
2012-12,310,18679,512,82,0,588,1394,4443,52,2,0,6,0,224,1381,0,0,192,3244,10,0,0,0,-1,206,243,321,84,1598,18,76,1874,819,181,46,751,119,3339,1866,122,747,162,,,,,,,,,,,,,2633,1361,971,,,,,,,,,,,,,,,,,1489,0,77,0,167,19,900,52,,,,,,,,,,,
2013-01,319,14898,429,0,0,452,744,3826,34,0,0,14,0,97,981,0,0,19,3043,12,3,0,0,0,77,358,100,60,1001,21,37,1192,576,184,46,909,84,2387,1324,90,1040,232,22,,,,,,,,,,,,1140,874,338,2,0,,,,,,,,,,,,,,,650,1,257,0,81,8,1350,25,,,,,,,,,,,
2013-02,388,17119,433,0,17,441,756,4147,38,1,0,22,0,91,1254,0,0,21,3806,9,6,0,0,0,133,381,177,32,1182,43,46,1441,706,375,5,1215,154,2849,1154,76,1361,272,22,,,,,,,,,,,,1626,693,334,17,119,,,,,,,,,,,,,,,653,1,337,0,158,15,1450,52,,,,,,,,,,,
2013-03,454,21354,572,0,0,477,925,4461,56,1,0,12,0,109,1359,0,0,18,3417,8,0,0,0,0,133,451,446,46,1062,12,58,1623,717,387,11,1001,145,3275,1561,84,1616,451,25,,,,,,,,,,,,1478,786,494,26,295,,,,,,,,,,,,,,,2236,0,31,0,180,23,1950,133,,,,,,,,,,,
2013-04,391,19290,569,0,0,495,688,3257,34,0,0,15,0,116,1551,0,0,27,3625,7,0,0,0,0,223,405,884,46,1171,7,35,1447,662,389,5,1000,152,3197,1237,86,1423,353,17,,,,,,,,,,,,1306,599,411,55,364,,,,,,,,,,,,,,,1937,0,127,0,147,22,2100,70,,,,,,,,,,,
2013-05,426,22844,570,0,0,545,885,4265,39,0,0,11,0,154,1695,0,0,20,3335,8,0,0,0,0,138,427,715,48,1623,6,42,1817,668,291,7,1206,195,3261,1434,105,1514,473,29,,,,,,,,,,,,1607,678,450,58,416,,,,,,,,,,,,,,,2138,60,91,0,157,15,2000,84,,,,,,,,,,,
2013-06,384,20495,568,0,0,550,900,3878,55,1,0,10,0,120,1651,0,0,13,3057,5,0,0,0,0,134,393,768,62,1513,12,47,2129,619,227,4,1100,163,2889,1239,83,1394,438,23,,,,,,,,,,,,2698,584,455,42,390,,,,,,,,,,,,,,,2225,53,39,0,177,208,1800,44,27,,,,,,,,,,
2013-07,420,22477,578,0,0,410,962,4193,63,2,0,6,0,58,1338,0,0,10,2914,8,2,0,0,0,129,384,646,39,1306,3,33,2200,530,183,29,1241,110,2267,1324,47,1139,417,26,,,,,,,,,,,,1788,817,433,54,407,,,,,,,,,,,,,,,1864,58,46,0,150,63,1550,109,103,,,,,,,,,,
2013-08,438,25567,697,0,0,440,1116,4729,69,0,0,5,0,83,1582,0,0,13,3694,2,0,0,0,0,95,483,791,43,1784,7,44,2303,803,214,0,1601,125,2411,1600,73,1467,712,29,0,,,,,,,,,,,3351,1791,621,44,600,,,,,,,,,,,,,,,2420,182,30,0,175,66,1700,231,102,50,,,,,,,,,
2013-09,299,14738,402,0,0,325,815,3069,31,0,0,3,0,45,858,0,0,6,2265,0,0,0,0,0,59,264,619,67,798,3,33,2102,423,185,2,1272,108,1424,1223,73,1104,887,27,47,,,,,,,,,,,1766,1152,758,51,750,,,,,,,,,,,,,,,1953,137,20,0,110,35,1100,167,78,50,,,,,,,,,
2013-10,463,13528,1158,0,23,331,1258,2903,34,0,0,6,0,55,819,0,0,9,2577,0,0,0,0,0,85,325,717,59,842,1,34,1318,552,178,4,1151,137,1438,1367,56,1398,666,22,51,5,,,,,,,,,,2022,2095,1092,71,1087,,,,,,,,,,,,,,,2002,111,28,0,115,40,1300,0,87,50,,,,,,,,,
2013-11,402,15029,1031,0,530,332,1105,2994,25,0,0,5,0,51,425,0,0,7,2769,3,0,0,0,0,106,295,852,58,1002,1,33,1866,430,187,0,1233,44,1457,1393,38,1532,394,20,118,16,302,0,,,,,,,,1920,1100,941,68,870,4,0,,,,,,,,,,,,,2003,153,12,0,130,23,1400,62,87,60,,,,,,,,,
2013-12,418,14801,712,0,426,272,1153,2726,44,0,0,6,0,57,266,0,0,6,2768,2,0,0,0,0,144,384,754,55,1787,2,33,2121,447,93,0,990,44,1201,1706,43,1480,360,20,91,35,374,334,,,,,,,,2392,919,827,38,791,47,6,,,,,,,,,,,,,2529,167,11,0,158,51,1700,28,76,50,,,,,,,,,
2014-01,317,11402,439,0,525,145,637,1978,30,0,0,11,0,21,232,0,0,1,2607,1,1,0,0,0,34,267,726,45,1290,3,44,1340,445,78,0,777,27,947,866,36,970,224,23,59,34,238,265,470,,,,,,,918,803,471,27,533,141,41,,,,,,,,,,,,,1252,97,1,0,100,30,1300,63,93,35,,,,,,,,,
2014-02,339,11820,443,0,910,105,621,2517,23,0,0,11,0,12,202,0,0,3,3096,2,2,0,0,0,39,318,919,64,1230,0,14,1907,506,88,0,960,42,1301,945,24,613,232,15,328,38,135,191,546,,,,,,,1210,1041,552,24,779,57,58,,,,,,,,,,,,,1425,122,3,0,129,33,1400,101,71,40,,,,,,,,,
2014-03,410,17130,338,0,1346,333,852,4287,25,0,0,7,0,26,191,0,0,1,3903,1,0,0,0,0,43,354,1411,96,1480,4,19,2430,536,95,0,1879,46,1685,1384,35,1600,276,9,380,49,167,237,725,,,,,,,1478,1452,610,18,899,56,81,,,,,,,,,,,,,2507,186,24,0,177,37,1300,73,108,166,,,,,,,,,
2014-04,441,16270,450,0,1442,418,387,3916,35,0,0,9,0,14,130,0,0,3,3537,0,0,0,0,0,25,369,1047,84,1054,3,11,2055,716,41,0,1060,49,1586,1242,21,1522,149,39,263,34,114,183,711,,,,,,,1548,1741,525,37,743,63,61,,,,,,,,,,,,,2088,203,12,0,116,50,1400,69,97,152,,,,,,,,,
2014-05,493,24101,415,0,1530,355,837,5199,9,0,0,5,0,14,94,0,0,4,4641,0,7,0,0,0,30,389,1128,75,1762,3,12,2094,772,64,0,735,63,2051,1408,25,1957,209,16,294,58,137,238,1003,,,,,,,1684,2692,782,46,1342,53,52,,,,,,,,,,,,,3117,206,35,0,177,33,1400,149,182,167,336,,,,,,,,
2014-06,333,17078,410,0,1135,280,872,3874,15,0,0,5,0,21,62,0,0,9,3016,0,0,0,0,0,37,302,787,72,1521,6,11,1523,610,75,0,1006,44,1952,1102,19,1437,206,13,242,63,108,191,788,,,,,,,1777,1571,988,28,1939,111,97,,,,,,,,,,,,,2347,278,22,0,197,38,1400,91,85,166,358,,,,,,6,,
2014-07,291,19304,409,0,1362,214,914,4609,8,0,0,6,0,6,30,0,0,1,2851,0,0,0,0,0,16,356,638,159,1979,2,8,2800,462,34,0,1155,35,2163,1358,22,1767,156,5,246,43,112,221,746,,,,,,,2020,1371,831,41,1226,63,188,,,,,,,,,,,,,3019,298,17,0,198,42,1400,68,128,119,363,41,,,,,10,,
2014-08,290,22619,503,0,1175,288,1090,4320,13,0,0,4,0,7,21,0,0,1,2943,0,0,0,0,0,16,342,758,14,2191,4,5,1910,545,47,0,1318,24,2451,1628,31,2049,151,7,266,63,130,237,747,,,,,,,2511,818,1050,46,1222,68,196,9,,,,,,,,,,,,3186,208,20,0,264,55,1200,228,80,166,1025,51,,,,,10,,
2014-09,240,13924,360,0,1095,303,695,1986,3,0,0,0,0,2,10,0,0,1,1972,1,0,0,0,0,32,248,645,13,1078,1,6,2134,587,32,0,1003,15,1109,1128,19,1437,114,12,274,35,109,160,571,31,,,,,,1394,353,677,42,640,82,111,58,,,,,,,,,,,,2881,182,15,0,176,29,1300,125,51,137,1022,65,0,,,,6,,
2014-10,222,13032,395,0,1130,327,728,2161,2,0,0,2,0,5,17,0,0,1,2164,0,0,0,0,0,9,205,662,18,1158,1,13,1181,704,40,0,1483,15,1318,1182,24,1330,97,5,296,32,114,166,617,36,,,,,,1439,479,644,34,686,97,152,204,,,,,,,,,,,,2589,150,17,0,186,23,1300,97,58,140,1159,98,1,109,,,1,,
2014-11,278,13506,432,0,1094,425,788,2220,9,0,0,1,0,6,14,0,0,4,2323,1,0,0,0,0,10,188,569,10,1322,1,17,781,772,46,0,1101,10,1296,1194,16,1212,68,5,422,23,146,187,575,37,,,,,,1336,451,644,43,752,57,155,126,45,,,,,,,,,,,2687,313,18,0,191,5,1450,83,61,100,816,193,119,140,,,10,,
2014-12,311,13922,476,0,1233,428,930,2448,11,0,0,4,0,3,15,0,0,1,2372,4,10,0,0,0,17,224,743,0,1608,2,20,897,698,22,0,1299,9,1303,1400,11,1154,57,9,386,93,168,204,427,29,354,,,,,1490,492,659,63,789,31,118,158,67,,,,,,,,,,,3102,351,12,0,53,32,1900,37,131,115,1013,326,237,110,,,12,,
2015-01,223,11843,320,0,805,268,521,2143,8,0,0,5,0,3,6,0,0,2,1782,0,0,0,0,0,7,196,468,0,1005,2,19,672,326,12,0,844,3,765,746,8,912,50,30,297,19,129,184,512,14,163,,,,,542,401,395,28,426,61,92,85,83,,,,,,,,,,,1070,147,3,0,85,0,1300,7,86,119,670,240,181,69,,,6,,
2015-02,211,11621,358,0,832,256,494,2110,10,0,0,7,0,8,8,0,0,0,2416,0,0,0,0,0,1,175,480,0,978,1,14,1605,514,20,0,856,5,878,758,10,864,36,3,365,19,179,212,549,21,164,,,,,693,397,498,12,603,40,127,113,106,,,,,,,,,,,1198,76,2,0,145,0,1400,2,119,117,1089,109,130,48,,,3,,
2015-03,209,15565,351,0,948,295,641,2739,9,0,0,7,0,1,8,0,0,0,2534,0,2,0,0,0,11,255,717,0,1416,3,22,1793,497,21,0,805,4,1054,1076,9,902,45,13,390,29,195,258,587,18,225,,,,,639,473,715,5,837,44,92,143,72,,,,,,,,,,,1817,103,10,0,140,1,2000,4,151,164,922,145,195,63,,,3,,
2015-04,183,14807,386,0,1118,305,492,2650,12,0,0,5,0,4,4,0,0,0,1820,1,2,0,0,0,3,216,810,0,1170,0,15,2481,531,28,0,892,2,1237,789,7,906,41,0,299,49,170,167,552,15,210,,,,,905,428,553,5,711,30,104,138,88,,,,,,,,,,,1553,124,16,0,124,0,1900,4,920,450,406,158,309,73,,,1,,
2015-05,139,18836,458,0,1463,323,551,3174,8,0,0,7,0,0,2,0,0,0,2440,0,0,0,0,0,7,246,1005,0,1436,6,14,2943,498,23,0,1046,4,1892,911,17,1114,55,2,342,53,188,223,557,24,250,,,,,1618,727,715,5,986,21,116,117,111,,,,,,,,,,,2104,102,18,0,165,0,2300,0,283,471,818,278,410,108,,,2,,
2015-06,126,14587,391,0,1241,311,486,2755,7,0,0,1,0,9,27,0,0,1,1691,0,5,0,0,0,8,204,700,0,1118,2,12,2334,341,17,0,897,1,1814,711,5,973,66,0,347,24,180,215,493,27,203,,,,,1225,464,667,4,727,34,62,137,89,,,,,,,,,,,2074,94,23,0,152,0,2800,0,226,411,551,242,293,109,,,2,,
2015-07,113,17340,463,0,1481,304,530,2756,11,0,0,5,0,0,1,0,0,0,2157,0,1,0,0,0,6,270,725,0,1374,1,11,1837,322,8,0,873,0,1225,891,8,1175,91,2,381,23,226,234,559,28,234,,,,,1313,584,693,1,852,23,66,217,77,10,,,,,,,,,,1174,109,12,0,135,0,1800,0,57,353,935,196,313,59,,,0,2,
2015-08,85,17413,590,0,1369,377,599,3314,4,0,0,3,0,0,0,0,0,0,2441,0,0,0,0,0,3,333,713,0,1504,0,13,1647,275,16,0,1167,0,1501,1281,5,1322,98,2,384,27,240,212,455,34,206,,,,,1380,344,723,2,949,36,45,210,83,10,4,,,,,,,,,1393,106,6,0,176,0,1600,0,135,370,792,172,381,93,,,1,0,
2015-09,64,15894,613,0,854,367,443,2629,7,0,0,3,0,0,1,0,0,0,2002,0,0,0,0,0,2,310,596,0,1131,0,12,1185,200,13,0,1136,2,1247,907,3,1064,77,0,356,5,231,186,370,26,170,,,,,949,216,719,0,808,41,36,182,70,17,0,,,,,,,,,1247,94,3,0,145,0,2400,0,157,347,1710,147,343,105,6,,5,2,
2015-10,53,15112,455,0,442,375,514,2545,7,0,0,1,0,0,1,0,0,0,2050,0,0,0,0,0,0,316,646,0,1077,0,14,1342,199,11,0,1262,0,912,895,5,993,64,1,381,11,220,168,211,14,188,,,,,2035,91,695,0,849,28,82,149,126,25,1,,,,,,,,,1238,75,9,0,126,1,2100,1,177,231,986,81,596,109,10,,1,38,
2015-11,30,12531,239,0,289,318,958,1964,5,0,0,0,0,0,0,0,0,0,1388,0,0,0,0,0,4,236,676,0,984,1,14,931,194,9,0,844,0,815,833,7,798,52,0,189,1,149,102,319,13,196,64,,,,1980,44,639,1,944,33,67,118,121,21,7,285,15,,,,,,,1054,178,4,0,93,0,3100,0,166,174,723,41,472,83,15,,0,23,
2015-12,22,15054,263,0,223,516,1493,1861,3,0,0,3,0,0,1,0,0,0,1960,0,0,0,0,0,11,316,867,0,1464,0,16,1138,145,8,0,870,1,837,1443,13,933,65,0,281,12,249,84,425,16,364,1430,,,,2114,22,579,1,1058,16,135,656,137,35,74,607,0,,,,,,,1347,179,9,0,96,0,3500,0,152,270,1422,97,609,96,177,,0,15,
2016-01,19,9301,161,0,71,375,790,1256,5,0,0,3,0,0,0,0,0,0,1373,0,0,0,0,0,2,192,491,0,622,0,10,964,118,3,0,469,0,637,622,3,583,46,1,175,12,119,65,261,0,245,1973,,,,996,10,350,0,581,27,67,32,146,19,226,181,175,327,,,,,,755,48,2,0,66,0,1300,0,139,217,182,58,328,81,400,,2,26,
2016-02,0,10544,143,0,68,396,752,1599,5,0,0,2,0,0,0,0,0,0,1764,0,0,0,0,0,0,128,585,0,762,0,10,1588,87,7,0,386,0,880,633,0,590,39,0,202,4,137,72,278,12,236,2462,,,,1126,6,490,0,932,33,91,54,172,36,176,345,200,248,,,,,,930,54,5,0,81,0,1900,0,216,195,248,37,198,60,500,,3,30,
2016-03,2,12068,166,0,51,492,886,1746,8,0,0,4,0,0,2,0,0,0,2057,0,0,0,0,0,1,163,608,0,972,0,12,1884,83,7,0,436,0,1092,894,5,776,47,1,335,4,195,87,329,19,251,3073,,,,1865,7,610,0,1238,23,104,89,244,12,178,313,275,332,29,,,,,1246,70,1,0,110,0,3000,0,252,373,332,66,86,79,1500,,4,41,
2016-04,9,11921,92,0,29,442,899,1975,16,0,0,5,0,0,1,0,0,0,2035,0,0,0,0,0,2,253,613,0,577,0,11,1788,115,14,0,483,1,1621,700,2,715,46,0,147,3,66,56,303,19,222,3807,,,,1983,4,607,0,1331,25,95,130,237,29,150,655,250,321,25,,,,,787,66,6,0,81,0,1700,0,419,372,814,56,326,139,1500,,4,41,
2016-05,9,12513,83,0,15,473,719,2055,7,0,0,2,0,0,246,0,0,0,1716,0,0,0,0,0,8,234,805,0,797,0,10,2513,42,7,0,570,0,1327,735,2,660,47,1,95,2,85,60,303,18,229,4185,,,,1901,4,538,0,1453,26,45,146,191,27,110,500,250,361,67,,,,,979,75,2,0,54,0,1500,0,394,388,696,49,269,120,2000,,4,40,
2016-06,9,11016,62,0,31,528,684,1649,3,0,0,1,0,0,371,0,0,0,2542,0,0,0,0,0,0,235,766,0,785,0,10,1242,60,4,0,483,0,1486,646,2,619,44,4,94,10,88,57,214,0,183,3751,2,,,1937,11,630,0,1700,22,94,169,176,27,166,583,200,353,26,19,,,,1096,53,4,0,54,0,2800,0,359,278,608,44,248,134,2000,,8,40,
2016-07,5,12690,60,0,565,524,684,2214,12,0,0,2,0,0,416,0,0,0,3519,0,0,0,0,0,3,272,681,0,849,1,10,1301,55,2,0,768,0,1112,705,1,707,87,2,112,0,74,55,193,11,228,4692,21,,,2406,4,755,0,1341,21,15,166,148,32,178,649,350,349,81,30,,,,1063,62,20,0,58,0,2400,0,333,274,1479,50,344,179,1500,,8,52,
2016-08,9,12982,50,0,890,506,574,2155,3,0,0,11,0,0,522,0,0,0,3002,0,0,0,0,0,0,222,541,0,819,0,9,1146,60,0,0,654,0,879,692,2,775,128,1,150,0,65,58,117,19,224,4919,22,,,2081,2,707,0,1422,59,6,145,197,30,176,876,250,346,51,24,,,,1066,55,25,0,75,0,3200,0,292,311,1013,57,454,153,1900,,2,371,
2016-09,1,12471,38,0,1160,383,387,1902,4,0,0,6,0,0,618,0,0,0,3776,0,0,0,0,0,7,165,460,0,638,0,8,1815,35,0,0,591,0,739,497,1,688,76,2,174,0,63,80,79,24,233,4127,38,,,2031,4,689,0,1652,28,6,158,131,41,148,482,275,312,54,26,,,,1316,44,17,0,82,0,4100,0,315,370,391,51,529,217,2600,,4,69,
2016-10,0,8132,14,0,1296,356,535,1802,0,0,0,0,0,0,600,0,0,0,4915,0,0,0,0,0,23,168,450,0,564,0,9,1479,53,0,0,482,0,398,353,0,673,48,0,148,0,59,64,44,13,188,3551,67,,,2191,0,571,0,1372,38,3,199,138,174,142,406,250,348,92,19,,,,1412,43,4,0,73,0,1200,0,260,319,442,58,407,190,1000,,0,103,
2016-11,3,9714,15,0,1879,483,666,1693,1,0,0,2,0,0,769,0,0,0,3372,0,0,0,0,0,18,146,552,0,550,0,7,1867,31,0,0,423,0,811,434,0,639,45,2,134,0,64,68,27,33,241,3757,51,,,2531,781,721,0,1817,88,5,173,179,52,161,436,275,394,215,30,,,,1457,47,5,0,66,0,1800,0,39,287,629,52,305,179,1400,,0,105,
2016-12,9,10803,12,0,3124,1018,985,2181,6,0,0,2,0,0,790,0,0,0,3577,0,0,0,0,0,0,160,667,0,968,0,12,1374,26,1,0,397,,895,734,0,1026,56,0,232,0,99,94,25,31,362,4773,68,,,3691,1641,1289,0,1099,3,3,133,152,71,204,569,250,589,240,83,23,171,,1899,40,3,0,101,0,5300,0,17,353,791,54,443,197,3300,579,1,116,
2017-01,1,6463,16,0,1711,571,443,1238,6,0,0,0,0,0,339,0,0,0,4856,0,0,0,0,0,0,89,467,0,393,0,5,1113,18,3,0,279,0,473,242,0,448,13,1,128,0,44,73,13,11,179,2898,50,42,4,1611,1366,473,0,606,2,3,50,177,55,96,262,150,387,129,52,18,210,40,772,15,0,0,56,0,1200,0,4,305,382,53,332,117,1000,1162,2,83,42
2017-02,0,7682,8,0,1867,1339,507,1333,5,0,0,0,0,0,534,0,0,1,4939,0,0,0,0,0,0,118,570,0,458,0,4,1471,12,0,0,257,,676,330,0,464,12,0,138,0,53,90,6,27,184,3080,46,2143,1,1820,1362,639,0,837,1,0,58,121,51,83,275,250,400,144,59,35,51,61,1037,22,1,0,228,0,1700,0,4,283,318,56,293,152,800,952,5,110,27