Make,Model,Type,2005-01,2005-02,2005-03,2005-04,2005-05,2005-06,2005-07,2005-08,2005-09,2005-10,2005-11,2005-12,2006-01,2006-02,2006-03,2006-04,2006-05,2006-06,2006-07,2006-08,2006-09,2006-10,2006-11,2006-12,2007-01,2007-02,2007-03,2007-04,2007-05,2007-06,2007-07,2007-08,2007-09,2007-10,2007-11,2007-12,2008-01,2008-02,2008-03,2008-04,2008-05,2008-06,2008-07,2008-08,2008-09,2008-10,2008-11,2008-12,2009-01,2009-02,2009-03,2009-04,2009-05,2009-06,2009-07,2009-08,2009-09,2009-10,2009-11,2009-12,2010-01,2010-02,2010-03,2010-04,2010-05,2010-06,2010-07,2010-08,2010-09,2010-10,2010-11,2010-12,2011-01,2011-02,2011-03,2011-04,2011-05,2011-06,2011-07,2011-08,2011-09,2011-10,2011-11,2011-12,2012-01,2012-02,2012-03,2012-04,2012-05,2012-06,2012-07,2012-08,2012-09,2012-10,2012-11,2012-12,2013-01,2013-02,2013-03,2013-04,2013-05,2013-06,2013-07,2013-08,2013-09,2013-10,2013-11,2013-12,2014-01,2014-02,2014-03,2014-04,2014-05,2014-06,2014-07,2014-08,2014-09,2014-10,2014-11,2014-12,2015-01,2015-02,2015-03,2015-04,2015-05,2015-06,2015-07,2015-08,2015-09,2015-10,2015-11,2015-12,2016-01,2016-02,2016-03,2016-04,2016-05,2016-06,2016-07,2016-08,2016-09,2016-10,2016-11,2016-12,2017-01,2017-02
Honda,Insight,HEV,7,22,56,90,52,69,68,80,83,37,60,42,59,72,79,110,92,77,91,109,19,9,2,3,0,0,1,2,0,0,0,0,0,0,0,0,0,0,0,0,0,0,0,0,0,0,0,0,0,0,569,2096,2780,2079,2295,4226,1746,1739,1403,1639,1307,2014,1652,1880,1913,1491,1858,2030,1679,1965,1536,1637,1554,1722,2782,2644,1435,1021,987,961,512,492,749,690,492,773,1032,738,512,494,419,341,246,251,238,310,319,388,454,391,426,384,420,438,299,463,402,418,317,339,410,441,493,333,291,290,240,222,278,311,223,211,209,183,139,126,113,85,64,53,30,22,19,0,2,9,9,9,5,9,1,0,3,9,1,0
Toyota,Prius,HEV,5566,7078,10236,11345,9461,9622,9691,9850,8193,9939,7889,9027,7654,6547,7922,8234,8103,9696,11114,11177,10492,8733,8008,9291,8299,12227,19156,13056,24009,17756,16062,14055,12494,13158,16737,14212,11379,10895,20635,21757,15011,11765,14785,13463,10873,11804,8660,7859,8121,7232,8924,8385,10091,12998,19173,18886,10984,13496,9617,11775,8484,7968,11786,12555,14248,10998,14102,11799,11394,11731,10224,15639,10635,13539,18605,12477,6924,4340,7907,9491,9325,11008,15208,17004,11555,20589,27800,23514,20391,18455,15955,20064,17280,14885,14739,18679,14898,17119,21354,19290,22844,20495,22477,25567,14738,13528,15029,14801,11402,11820,17130,16270,24101,17078,19304,22619,13924,13032,13506,13922,11843,11621,15565,14807,18836,14587,17340,17413,15894,15112,12531,15054,9301,10544,12068,11921,12513,11016,12690,12982,12471,8132,9714,10803,6463,7682
Honda,Civic,HEV,1169,1353,2896,3466,1895,1852,2329,4146,1916,231,2083,2528,3166,1781,2232,3087,2890,2601,2673,3411,2508,2288,2208,2408,1783,1924,2813,2855,4520,3246,2493,2102,2092,2286,3238,3223,1745,1808,3769,4324,4676,2710,3440,3105,2020,1621,1043,1036,1076,1362,2869,3361,2077,1583,969,717,152,239,243,471,253,346,579,621,717,595,617,761,667,662,612,906,653,532,441,121,268,418,311,106,305,480,503,565,449,741,906,766,708,548,471,579,493,453,530,512,429,433,572,569,570,568,578,697,402,1158,1031,712,439,443,338,450,415,410,409,503,360,395,432,476,320,358,351,386,458,391,463,590,613,455,239,263,161,143,166,92,83,62,60,50,38,14,15,12,16,8
Ford,Escape,HEV,908,1092,1569,1705,1234,1126,1168,1363,1808,1313,1121,1553,898,1341,1590,3420,2862,1884,2060,1789,1651,1602,1484,1968,1238,1696,2523,2275,3214,2526,1578,1833,1652,2084,2224,2265,1474,1743,2008,1907,2378,1912,1265,1338,990,1997,1361,1149,880,1294,1351,1134,1827,1405,2543,2102,878,949,960,1157,715,782,1282,1119,1383,1360,1220,790,842,809,814,972,520,795,1195,1070,1118,826,652,563,566,573,1131,1080,345,434,162,0,206,17,50,34,81,9,21,82,0,0,0,0,0,0,0,0,0,0,0,0,0,0,0,0,0,0,0,0,0,0,0,0,0,0,0,0,0,0,0,0,0,0,0,0,0,0,0,0,0,0,0,0,0,0,0,0,0,0
Honda,Accord,HEV,805,855,1862,2023,1314,1080,1376,2336,2352,1266,837,720,351,783,581,614,520,396,504,499,389,287,311,363,248,312,385,318,439,342,260,275,229,243,204,150,48,42,53,25,16,7,3,2,0,1,0,1,1,0,0,0,0,0,0,0,0,0,0,0,0,0,0,0,0,0,0,0,0,0,0,0,0,0,0,0,0,0,0,0,0,0,0,0,0,0,0,0,0,0,0,0,0,0,0,0,0,17,0,0,0,0,0,0,0,23,530,426,525,910,1346,1442,1530,1135,1362,1175,1095,1130,1094,1233,805,832,948,1118,1463,1241,1481,1369,854,442,289,223,71,68,51,29,15,31,565,890,1160,1296,1879,3124,1711,1867
Toyota,Highlander,HEV,,,,,35,2869,2564,2925,2715,2330,2353,2198,2263,2631,2987,3768,3755,2705,2784,2581,2347,1643,1667,2354,1810,1892,2501,2394,3312,2403,1205,378,193,596,2577,2791,2143,1938,2239,2578,2644,1511,1371,1227,921,1022,907,890,984,956,1037,933,1351,1098,1171,836,269,700,722,1029,526,339,594,692,683,611,575,486,523,756,722,949,689,707,797,380,149,74,185,226,218,239,322,563,362,474,607,552,560,496,469,449,413,466,485,588,452,441,477,495,545,550,410,440,325,331,332,272,145,105,333,418,355,280,214,288,303,327,425,428,268,256,295,305,323,311,304,377,367,375,318,516,375,396,492,442,473,528,524,506,383,356,483,1018,571,1339
Lexus,RX 450h,HEV,,,13,2345,2931,2605,2262,2607,2113,1904,1722,2172,1477,1803,2470,2247,2006,1190,1220,1514,1687,1239,1327,1981,1245,1249,1471,1384,1746,1562,1385,1172,979,1392,1674,2032,1211,1148,1570,1624,2155,1330,1439,1277,744,615,624,1463,1556,1502,1165,655,393,527,1369,1754,1168,1567,1210,1598,1016,890,1251,1232,1358,1304,1356,1370,1112,1402,1293,1535,912,999,1438,1167,610,413,671,841,650,861,928,1233,753,826,992,801,1011,1193,1171,1170,944,997,971,1394,744,756,925,688,885,900,962,1116,815,1258,1105,1153,637,621,852,387,837,872,914,1090,695,728,788,930,521,494,641,492,551,486,530,599,443,514,958,1493,790,752,886,899,719,684,684,574,387,535,666,985,443,507
Toyota,Camry,HEV,,,,,,,,,,,,,,,,86,3032,4268,5023,4977,4044,2806,3100,4005,2801,3332,5144,4410,6853,5530,4329,4284,4196,3511,5118,4969,3750,4121,6930,6678,5999,3054,2645,3456,2785,2792,2174,1888,1141,2080,2554,2198,2941,2093,2509,2114,872,1407,1465,1513,867,1011,1549,1655,1455,1097,1276,1165,1104,1194,983,1231,860,993,1437,1110,592,449,393,318,229,333,730,1797,2116,3750,5404,4406,4403,3471,3197,3840,3704,2986,3936,4443,3826,4147,4461,3257,4265,3878,4193,4729,3069,2903,2994,2726,1978,2517,4287,3916,5199,3874,4609,4320,1986,2161,2220,2448,2143,2110,2739,2650,3174,2755,2756,3314,2629,2545,1964,1861,1256,1599,1746,1975,2055,1649,2214,2155,1902,1802,1693,2181,1238,1333
Lexus,GS 450h,HEV,,,,,,,,,,,,,,,,141,294,231,157,192,164,177,176,252,167,160,181,174,181,131,142,130,72,71,100,136,64,77,65,82,98,73,40,35,29,22,42,51,41,22,42,33,43,27,45,48,38,39,37,54,41,22,31,25,38,22,16,15,18,29,18,30,19,33,24,29,18,24,26,17,18,19,22,33,25,20,12,10,42,75,60,94,89,68,60,52,34,38,56,34,39,55,63,69,31,34,25,44,30,23,25,35,9,15,8,13,3,2,9,11,8,10,9,12,8,7,11,4,7,7,5,3,5,5,8,16,7,3,12,3,4,0,1,6,6,5
Lexus,HS 250h,HEV,,,,,,,,,,,,,,,,,,,,,,,,,,,,,,,,,,,,,,,,,,,,,,,,,,,,,,,,543,1242,1527,1407,1980,1247,712,1494,1076,1360,603,165,594,711,792,788,1121,286,183,230,279,220,159,306,284,231,205,207,274,152,150,261,28,21,10,5,7,8,3,3,2,0,1,1,0,0,1,2,0,0,0,0,0,0,0,0,0,0,0,0,0,0,0,0,0,0,0,0,0,0,0,0,0,0,0,0,0,0,0,0,0,0,0,0,0,0,0,0,0,0,0
Nissan,Altima,HEV,,,,,,,,,,,,,,,,,,,,,,,,,,206,462,483,821,804,1131,643,756,927,1191,964,473,529,832,801,1607,1333,715,442,470,554,353,710,644,463,834,222,345,666,1030,3164,345,299,503,842,1059,619,394,330,1167,479,378,284,511,443,434,612,365,366,545,334,499,250,204,318,217,49,55,34,27,22,18,10,9,3,7,0,3,3,1,0,0,0,0,0,0,0,0,0,0,0,0,0,0,0,0,0,0,0,0,0,0,0,0,0,0,0,0,0,0,0,0,0,0,0,0,0,0,0,0,0,0,0,0,0,0,0,0,0,0,0
Lexus,LS 600hL,HEV,,,,,,,,,,,,,,,,,,,,,,,,,,,,,,,,267,196,175,170,129,105,112,113,122,112,73,83,71,47,55,37,50,33,22,25,19,27,31,28,10,12,21,15,15,9,15,9,7,8,4,14,15,9,9,13,17,8,7,9,10,1,4,6,9,8,9,5,9,8,6,5,8,6,6,1,0,1,5,2,6,14,22,12,15,11,10,6,5,3,6,5,6,11,11,7,9,5,5,6,4,0,2,1,4,5,7,7,5,7,1,5,3,3,1,0,3,3,2,4,5,2,1,2,11,6,0,2,2,0,0
Saturn,Vue,HEV,,,,,,,,,,,,,,,,,,,,,,,,,793,793,793,793,797,,,,,,,,135,135,135,135,340,277,362,417,443,354,328,338,153,188,362,338,227,239,269,414,90,56,134,186,14,4,8,4,3,14,0,2,0,0,0,1,0,0,0,0,0,0,0,0,0,0,0,0,0,0,0,0,0,0,0,0,0,0,0,0,0,0,0,0,0,0,0,0,0,0,0,0,0,0,0,0,0,0,0,0,0,0,0,0,0,0,0,0,0,0,0,0,0,0,0,0,0,0,0,0,0,0,0,0,0,0,0,0,0,0
Chevrolet,Tahoe,HEV,,,,,,,,,,,,,,,,,,,,,,,,,,,,,,,,,,,,,233,234,234,234,589,547,351,798,1101,795,767,1729,599,632,609,523,641,547,538,562,615,792,489,645,278,315,368,399,565,368,262,252,215,245,213,377,217,191,278,276,229,129,115,76,31,88,79,168,76,151,227,144,161,124,132,135,110,146,171,224,97,91,109,116,154,120,58,83,45,55,51,57,21,12,26,14,14,21,6,7,2,5,6,3,3,8,1,4,0,9,0,0,0,0,0,0,0,0,0,0,0,0,0,0,0,0,0,0,0,0
Chevrolet,Malibu,HEV,,,,,,,,,,,,,,,,,,,,,,,,,,,,,,,,,,,,,112,112,112,112,282,295,349,388,382,325,195,454,145,197,547,547,706,489,476,441,156,114,212,132,67,68,80,67,41,36,14,12,2,6,7,5,0,0,0,0,2,22,0,0,0,0,0,0,1,350,1416,1557,1642,2002,1938,2414,1656,1266,1041,1381,981,1254,1359,1551,1695,1651,1338,1582,858,819,425,266,232,202,191,130,94,62,30,21,10,17,14,15,6,8,8,4,2,27,1,0,1,1,0,1,0,0,2,1,246,371,416,522,618,600,769,790,339,534
Saturn,Aura,HEV,,,,,,,,,,,,,,,,,,,,,,,,,,,,,,,,,,,,,14,14,14,15,36,30,29,26,31,22,45,34,19,23,26,31,35,56,24,65,30,30,29,159,25,2,4,0,2,5,4,3,1,4,0,5,0,0,0,0,0,0,0,0,0,0,0,0,0,0,0,0,0,0,0,0,0,0,0,0,0,0,0,0,0,0,0,0,0,0,0,0,0,0,0,0,0,0,0,0,0,0,0,0,0,0,0,0,0,0,0,0,0,0,0,0,0,0,0,0,0,0,0,0,0,0,0,0,0,0
Dodge,Durango,HEV,,,,,,,,,,,,,,,,,,,,,,,,,,,,,,,,,,,,,,,,,,,,,,,35,46,42,0,0,0,0,0,0,0,0,0,0,0,0,0,0,0,0,0,0,0,0,0,0,0,0,0,0,0,0,0,0,0,0,0,0,0,0,0,0,0,0,0,0,0,0,0,0,0,0,0,0,0,0,0,0,0,0,0,0,0,0,0,0,0,0,0,0,0,0,0,0,0,0,0,0,0,0,0,0,0,0,0,0,0,0,0,0,0,0,0,0,0,0,0,0,0,0,0
Chevrolet,Silverado,HEV,,,,,,,,,,,,,,,,,,,,,,,,,,,,,,,,,,,,,,,,,,,,,,,,,7,47,68,95,130,123,180,226,120,167,156,279,97,106,180,161,337,120,135,379,232,391,97,158,213,67,120,119,111,90,37,23,82,53,45,205,25,54,94,42,62,38,48,96,29,72,188,192,19,21,18,27,20,13,10,13,6,9,7,6,1,3,1,3,4,9,1,1,1,1,4,1,2,0,0,0,0,1,0,0,0,0,0,0,0,0,0,0,0,0,0,0,0,0,0,0,0,1
Ford,Fusion,HEV,,,,,,,,,,,,,,,,,,,,,,,,,,,,,,,,,,,,,,,,,,,,,,,,,,,451,1165,2079,2244,2810,2593,1260,1333,1401,1686,1152,1317,1784,1607,2562,2103,1676,3104,1756,1816,1586,1769,969,1379,1466,1285,1256,969,456,216,552,857,993,888,611,1110,1009,778,683,797,1109,1071,898,956,1834,3244,3043,3806,3417,3625,3335,3057,2914,3694,2265,2577,2769,2768,2607,3096,3903,3537,4641,3016,2851,2943,1972,2164,2323,2372,1782,2416,2534,1820,2440,1691,2157,2441,2002,2050,1388,1960,1373,1764,2057,2035,1716,2542,3519,3002,3776,4915,3372,3577,4856,4939
Mercedes-Benz,S400,HEV,,,,,,,,,,,,,,,,,,,,,,,,,,,,,,,,,,,,,,,,,,,,,,,,,,,,,,,,,,,,,77,77,98,108,101,63,69,84,83,114,39,42,26,24,25,32,49,26,25,15,22,9,19,37,11,28,10,8,7,8,5,11,9,10,4,10,12,9,8,7,8,5,8,2,0,0,3,2,1,2,1,0,0,0,0,0,1,0,1,4,0,0,0,1,0,0,0,0,0,0,0,0,0,0,0,0,0,0,0,0,0,0,0,0,0,0
Mercedes-Benz,ML450,HEV,,,,,,,,,,,,,,,,,,,,,,,,,,,,,,,,,,,,,,,,,,,,,,,,,,,,,,,,,,,,,70,69,67,37,181,212,24,79,24,2,0,1,1,0,0,0,0,0,0,0,0,0,0,0,0,13,0,0,0,3,2,2,2,0,0,0,3,6,0,0,0,0,2,0,0,0,0,0,1,2,0,0,7,0,0,0,0,0,0,10,0,0,2,2,0,5,1,0,0,0,0,0,0,0,0,0,0,0,0,0,0,0,0,0,0,0
Mercedes-Benz,E320,HEV,,,,,,,,,,,,,,,,,,,,,,,,,,,,,,,,,,,,,,,,,,,,,,,,,,,,,,,,,,,,,,,,,,,,,,,,,,,,,,59,0,0,0,0,0,0,0,0,0,0,0,0,0,0,0,0,0,0,0,0,0,0,0,0,0,0,0,0,0,0,0,0,0,0,0,0,0,0,0,0,0,0,0,0,0,0,0,0,0,0,0,0,0,0,0,0,0,0,0,0,0,0,0,0,0,0,0,0
Mazda,Tribute,HEV,,,,,,,,,,,,,,,,,,,,,,,,,,,,,,,,,,,,,,,,,,,,,,,,,,,,,,,,,,,,,43,42,59,58,61,55,68,55,53,67,46,48,36,37,34,37,35,64,48,51,32,38,36,36,24,21,29,16,0,0,0,0,0,0,0,0,0,0,0,0,0,0,0,0,0,0,0,0,0,0,0,0,0,0,0,0,0,0,0,0,0,0,0,0,0,0,0,0,0,0,0,0,0,0,0,0,0,0,0,0,0,0,0,0,0,0
BMW,X6,HEV,,,,,,,,,,,,,,,,,,,,,,,,,,,,,,,,,,,,,,,,,,,,,,,,,,,,,,,,,,,,,22,21,21,21,12,128,3,3,2,0,9,6,5,9,5,2,3,6,5,0,4,2,-1,3,0,0,2,-1,1,1,1,0,0,-1,2,-1,0,0,0,0,0,0,0,0,0,0,0,0,0,0,0,0,0,0,0,0,0,0,0,0,0,0,0,0,0,0,0,0,0,0,0,0,0,0,0,0,0,0,0,0,0,0,0,0,0,0
BMW,Activehybrid3&5&7,HEV,,,,,,,,,,,,,,,,,,,,,,,,,,,,,,,,,,,,,,,,,,,,,,,,,,,,,,,,,,,,,,,,,7,11,9,26,9,7,8,25,32,35,38,32,38,27,20,15,16,9,25,51,31,60,54,29,26,9,21,25,40,321,214,206,77,133,133,223,138,134,129,95,59,85,106,144,34,39,43,25,30,37,16,16,32,9,10,17,7,1,11,3,7,8,6,3,2,0,4,11,2,0,1,2,8,0,3,0,7,23,18,0,0,0
Honda,CR-z,HEV,,,,,,,,,,,,,,,,,,,,,,,,,,,,,,,,,,,,,,,,,,,,,,,,,,,,,,,,,,,,,,,,,,,,694,1236,1419,1024,876,894,1091,1685,1819,1557,966,878,745,537,289,305,564,363,466,536,334,296,409,330,392,335,244,244,243,358,381,451,405,427,393,384,483,264,325,295,384,267,318,354,369,389,302,356,342,248,205,188,224,196,175,255,216,246,204,270,333,310,316,236,316,192,128,163,253,234,235,272,222,165,168,146,160,89,118
Lincoln,MKZ,HEV,,,,,,,,,,,,,,,,,,,,,,,,,,,,,,,,,,,,,,,,,,,,,,,,,,,,,,,,,,,,,,,,,,,,,10,366,392,424,370,395,615,503,561,483,480,491,455,477,475,434,253,419,626,397,480,451,594,998,781,465,282,321,100,177,446,884,715,768,646,791,619,717,852,754,726,919,1411,1047,1128,787,638,758,645,662,569,743,468,480,717,810,1005,700,725,713,596,646,676,867,491,585,608,613,805,766,681,541,460,450,552,667,467,570
Porsche,Cayenne,HEV,,,,,,,,,,,,,,,,,,,,,,,,,,,,,,,,,,,,,,,,,,,,,,,,,,,,,,,,,,,,,,,,,,,,,,,,206,211,142,114,107,114,177,130,128,112,107,140,89,112,137,124,104,150,42,60,69,84,106,108,84,60,32,46,46,48,62,39,43,67,59,58,55,45,64,96,84,75,72,159,14,13,18,10,0,0,0,0,0,0,0,0,0,0,0,0,0,0,0,0,0,0,0,0,0,0,0,0,0,0,0
Lexus,CT 200h,HEV,,,,,,,,,,,,,,,,,,,,,,,,,,,,,,,,,,,,,,,,,,,,,,,,,,,,,,,,,,,,,,,,,,,,,,,,,,,2199,875,454,240,1553,2087,1444,1511,1759,2259,1025,1640,2223,1620,1549,1387,1499,1472,1195,1199,1264,1598,1001,1182,1062,1171,1623,1513,1306,1784,798,842,1002,1787,1290,1230,1480,1054,1762,1521,1979,2191,1078,1158,1322,1608,1005,978,1416,1170,1436,1118,1374,1504,1131,1077,984,1464,622,762,972,577,797,785,849,819,638,564,550,968,393,458
Volkswagen,Touareg,HEV,,,,,,,,,,,,,,,,,,,,,,,,,,,,,,,,,,,,,,,,,,,,,,,,,,,,,,,,,,,,,,,,,,,,,,,,,65,60,44,52,40,23,14,10,14,18,21,29,36,18,19,12,18,25,27,17,5,11,44,18,21,43,12,7,6,12,3,7,3,1,1,2,3,0,4,3,3,6,2,4,1,1,1,2,2,1,3,0,6,2,1,0,0,0,1,0,0,0,0,0,0,0,1,0,0,0,0,0,0,0
Infinity,Q70 (M35h),HEV,,,,,,,,,,,,,,,,,,,,,,,,,,,,,,,,,,,,,,,,,,,,,,,,,,,,,,,,,,,,,,,,,,,,,,,,,,,,42,36,33,35,54,45,33,46,54,35,58,47,23,78,73,59,60,45,66,71,76,37,46,58,35,42,47,33,44,33,34,33,33,44,14,19,11,12,11,8,5,6,13,17,20,19,14,22,15,14,12,11,13,12,14,14,16,10,10,12,11,10,10,10,9,8,9,7,12,5,4
Hyundai,Sonata,HEV,,,,,,,,,,,,,,,,,,,,,,,,,,,,,,,,,,,,,,,,,,,,,,,,,,,,,,,,,,,,,,,,,,,,,,,,,,,,,,1422,4177,4136,2000,2001,1723,1907,1304,1568,2095,1847,1869,1884,1888,1766,1560,1510,1589,1874,1192,1441,1623,1447,1817,2129,2200,2303,2102,1318,1866,2121,1340,1907,2430,2055,2094,1523,2800,1910,2134,1181,781,897,672,1605,1793,2481,2943,2334,1837,1647,1185,1342,931,1138,964,1588,1884,1788,2513,1242,1301,1146,1815,1479,1867,1374,1113,1471
Buick,LaCrosse,HEV,,,,,,,,,,,,,,,,,,,,,,,,,,,,,,,,,,,,,,,,,,,,,,,,,,,,,,,,,,,,,,,,,,,,,,,,,,,,,,,,,,297,522,982,781,1248,1117,1165,1202,1245,867,1024,840,978,724,819,576,706,717,662,668,619,530,803,423,552,430,447,445,506,536,716,772,610,462,545,587,704,772,698,326,514,497,531,498,341,322,275,200,199,194,145,118,87,83,115,42,60,55,60,35,53,31,26,18,12
Buick,Regal,HEV,,,,,,,,,,,,,,,,,,,,,,,,,,,,,,,,,,,,,,,,,,,,,,,,,,,,,,,,,,,,,,,,,,,,,,,,,,,,,,,,,,,37,86,63,137,135,130,174,219,233,331,463,287,211,181,184,375,387,389,291,227,183,214,185,178,187,93,78,88,95,41,64,75,34,47,32,40,46,22,12,20,21,28,23,17,8,16,13,11,9,8,3,7,7,14,7,4,2,0,0,0,0,1,3,0
Porsche,Panamera S,HEV,,,,,,,,,,,,,,,,,,,,,,,,,,,,,,,,,,,,,,,,,,,,,,,,,,,,,,,,,,,,,,,,,,,,,,,,,,,,,,,,,,,26,26,39,34,43,26,73,25,35,48,86,48,67,46,46,5,11,5,7,4,29,0,2,4,0,0,0,0,0,0,0,0,0,0,0,0,0,0,0,0,0,0,0,0,0,0,0,0,0,0,0,0,0,0,0,0,0,0,0,0,0,0,0,0
Kia,Optima,HEV,,,,,,,,,,,,,,,,,,,,,,,,,,,,,,,,,,,,,,,,,,,,,,,,,,,,,,,,,,,,,,,,,,,,,,,,,,,,,,,,,,,,,705,925,1201,837,810,933,848,907,902,745,681,751,909,1215,1001,1000,1206,1100,1241,1601,1272,1151,1233,990,777,960,1879,1060,735,1006,1155,1318,1003,1483,1101,1299,844,856,805,892,1046,897,873,1167,1136,1262,844,870,469,386,436,483,570,483,768,654,591,482,423,397,279,257
Acura,ILX,HEV,,,,,,,,,,,,,,,,,,,,,,,,,,,,,,,,,,,,,,,,,,,,,,,,,,,,,,,,,,,,,,,,,,,,,,,,,,,,,,,,,,,,,,,,,34,115,110,136,140,144,174,119,84,154,145,152,195,163,110,125,108,137,44,44,27,42,46,49,63,44,35,24,15,15,10,9,3,5,4,2,4,1,0,0,2,0,0,1,0,0,0,1,0,0,0,0,0,0,0,,0,
Ford,C-Max,HEV,,,,,,,,,,,,,,,,,,,,,,,,,,,,,,,,,,,,,,,,,,,,,,,,,,,,,,,,,,,,,,,,,,,,,,,,,,,,,,,,,,,,,,,,,,,0,0,969,3038,3589,3339,2387,2849,3275,3197,3261,2889,2267,2411,1424,1438,1457,1201,947,1301,1685,1586,2051,1952,2163,2451,1109,1318,1296,1303,765,878,1054,1237,1892,1814,1225,1501,1247,912,815,837,637,880,1092,1621,1327,1486,1112,879,739,398,811,895,473,676
Lexus,ES Hybrid,HEV,,,,,,,,,,,,,,,,,,,,,,,,,,,,,,,,,,,,,,,,,,,,,,,,,,,,,,,,,,,,,,,,,,,,,,,,,,,,,,,,,,,,,,,,,,,,817,1400,1520,1424,1866,1324,1154,1561,1237,1434,1239,1324,1600,1223,1367,1393,1706,866,945,1384,1242,1408,1102,1358,1628,1128,1182,1194,1400,746,758,1076,789,911,711,891,1281,907,895,833,1443,622,633,894,700,735,646,705,692,497,353,434,734,242,330
Audi,Q5 Hybrid,HEV,,,,,,,,,,,,,,,,,,,,,,,,,,,,,,,,,,,,,,,,,,,,,,,,,,,,,,,,,,,,,,,,,,,,,,,,,,,,,,,,,,,,,,,,,,,,,25,33,90,122,90,76,84,86,105,83,47,73,73,56,38,43,36,24,35,21,25,19,22,31,19,24,16,11,8,10,9,7,17,5,8,5,3,5,7,13,3,0,5,2,2,2,1,2,1,0,0,0,0,0
Toyota,Avalon,HEV,,,,,,,,,,,,,,,,,,,,,,,,,,,,,,,,,,,,,,,,,,,,,,,,,,,,,,,,,,,,,,,,,,,,,,,,,,,,,,,,,,,,,,,,,,,,,,,,747,1040,1361,1616,1423,1514,1394,1139,1467,1104,1398,1532,1480,970,613,1600,1522,1957,1437,1767,2049,1437,1330,1212,1154,912,864,902,906,1114,973,1175,1322,1064,993,798,933,583,590,776,715,660,619,707,775,688,673,639,1026,448,464
Volkswagen,Jetta,HEV,,,,,,,,,,,,,,,,,,,,,,,,,,,,,,,,,,,,,,,,,,,,,,,,,,,,,,,,,,,,,,,,,,,,,,,,,,,,,,,,,,,,,,,,,,,,,,,,162,232,272,451,353,473,438,417,712,887,666,394,360,224,232,276,149,209,206,156,151,114,97,68,57,50,36,45,41,55,66,91,98,77,64,52,65,46,39,47,46,47,44,87,128,76,48,45,56,13,12
Mercedes-Benz,E400H,HEV,,,,,,,,,,,,,,,,,,,,,,,,,,,,,,,,,,,,,,,,,,,,,,,,,,,,,,,,,,,,,,,,,,,,,,,,,,,,,,,,,,,,,,,,,,,,,,,,,22,22,25,17,29,23,26,29,27,22,20,20,23,15,9,39,16,13,5,7,12,5,5,9,30,3,13,0,2,0,2,2,0,1,0,0,1,0,1,0,1,4,2,1,2,0,2,0,1,0
Infiniti,Q50,HEV,,,,,,,,,,,,,,,,,,,,,,,,,,,,,,,,,,,,,,,,,,,,,,,,,,,,,,,,,,,,,,,,,,,,,,,,,,,,,,,,,,,,,,,,,,,,,,,,,,,,,,,,0,47,51,118,91,59,328,380,263,294,242,246,266,274,296,422,386,297,365,390,299,342,347,381,384,356,381,189,281,175,202,335,147,95,94,112,150,174,148,134,232,128,138
Chevrolet,Impala Hybrid,HEV,,,,,,,,,,,,,,,,,,,,,,,,,,,,,,,,,,,,,,,,,,,,,,,,,,,,,,,,,,,,,,,,,,,,,,,,,,,,,,,,,,,,,,,,,,,,,,,,,,,,,,,,,,5,16,35,34,38,49,34,58,63,43,63,35,32,23,93,19,19,29,49,53,24,23,27,5,11,1,12,12,4,4,3,2,10,0,0,0,0,0,0,0,0
Infiniti,QX60,HEV,,,,,,,,,,,,,,,,,,,,,,,,,,,,,,,,,,,,,,,,,,,,,,,,,,,,,,,,,,,,,,,,,,,,,,,,,,,,,,,,,,,,,,,,,,,,,,,,,,,,,,,,,,,302,374,238,135,167,114,137,108,112,130,109,114,146,168,129,179,195,170,188,180,226,240,231,220,149,249,119,137,195,66,85,88,74,65,63,59,64,99,44,53
Nissan,Pathfinder Hybrid,HEV,,,,,,,,,,,,,,,,,,,,,,,,,,,,,,,,,,,,,,,,,,,,,,,,,,,,,,,,,,,,,,,,,,,,,,,,,,,,,,,,,,,,,,,,,,,,,,,,,,,,,,,,,,,0,334,265,191,237,183,238,191,221,237,160,166,187,204,184,212,258,167,223,215,234,212,186,168,102,84,65,72,87,56,60,57,55,58,80,64,68,94,73,90
Subaru,XV,HEV,,,,,,,,,,,,,,,,,,,,,,,,,,,,,,,,,,,,,,,,,,,,,,,,,,,,,,,,,,,,,,,,,,,,,,,,,,,,,,,,,,,,,,,,,,,,,,,,,,,,,,,,,,,,,470,546,725,711,1003,788,746,747,571,617,575,427,512,549,587,552,557,493,559,455,370,211,319,425,261,278,329,303,303,214,193,117,79,44,27,25,13,6
Acura,RLX,HEV,,,,,,,,,,,,,,,,,,,,,,,,,,,,,,,,,,,,,,,,,,,,,,,,,,,,,,,,,,,,,,,,,,,,,,,,,,,,,,,,,,,,,,,,,,,,,,,,,,,,,,,,,,,,,,,,,,,,,31,36,37,29,14,21,18,15,24,27,28,34,26,14,13,16,0,12,19,19,18,0,11,19,24,13,33,31,11,27
Lexus,NX Hybrid,HEV,,,,,,,,,,,,,,,,,,,,,,,,,,,,,,,,,,,,,,,,,,,,,,,,,,,,,,,,,,,,,,,,,,,,,,,,,,,,,,,,,,,,,,,,,,,,,,,,,,,,,,,,,,,,,,,,,,,,,,,,354,163,164,225,210,250,203,234,206,170,188,196,364,245,236,251,222,229,183,228,224,233,188,241,362,179,184
Toyota,RAV4,HEV,,,,,,,,,,,,,,,,,,,,,,,,,,,,,,,,,,,,,,,,,,,,,,,,,,,,,,,,,,,,,,,,,,,,,,,,,,,,,,,,,,,,,,,,,,,,,,,,,,,,,,,,,,,,,,,,,,,,,,,,,,,,,,,,,,,64,1430,1973,2462,3073,3807,4185,3751,4692,4919,4127,3551,3757,4773,2898,3080
Acura,NSX,HEV,,,,,,,,,,,,,,,,,,,,,,,,,,,,,,,,,,,,,,,,,,,,,,,,,,,,,,,,,,,,,,,,,,,,,,,,,,,,,,,,,,,,,,,,,,,,,,,,,,,,,,,,,,,,,,,,,,,,,,,,,,,,,,,,,,,,,,,,,,2,21,22,38,67,51,68,50,46
Kia,Niro Hybrid,HEV,,,,,,,,,,,,,,,,,,,,,,,,,,,,,,,,,,,,,,,,,,,,,,,,,,,,,,,,,,,,,,,,,,,,,,,,,,,,,,,,,,,,,,,,,,,,,,,,,,,,,,,,,,,,,,,,,,,,,,,,,,,,,,,,,,,,,,,,,,,,,,,,,42,2143
Hyundai,Ioniq Hybrid,HEV,,,,,,,,,,,,,,,,,,,,,,,,,,,,,,,,,,,,,,,,,,,,,,,,,,,,,,,,,,,,,,,,,,,,,,,,,,,,,,,,,,,,,,,,,,,,,,,,,,,,,,,,,,,,,,,,,,,,,,,,,,,,,,,,,,,,,,,,,,,,,,,,,4,1
Chevrolet,Volt,PHEV,,,,,,,,,,,,,,,,,,,,,,,,,,,,,,,,,,,,,,,,,,,,,,,,,,,,,,,,,,,,,,,,,,,,,,,,326,321,281,608,493,481,561,125,302,723,1108,1139,1529,603,1023,2289,1462,1680,1760,1849,2831,2851,2961,1519,2633,1140,1626,1478,1306,1607,2698,1788,3351,1766,2022,1920,2392,918,1210,1478,1548,1684,1777,2020,2511,1394,1439,1336,1490,542,693,639,905,1618,1225,1313,1380,949,2035,1980,2114,996,1126,1865,1983,1901,1937,2406,2081,2031,2191,2531,3691,1611,1820
Prius,PHEV,PHEV,,,,,,,,,,,,,,,,,,,,,,,,,,,,,,,,,,,,,,,,,,,,,,,,,,,,,,,,,,,,,,,,,,,,,,,,,,,,,,,,,,,,,,,911,1654,1086,695,688,1047,1652,1889,1766,1361,874,693,786,599,678,584,817,1791,1152,2095,1100,919,803,1041,1452,1741,2692,1571,1371,818,353,479,451,492,401,397,473,428,727,464,584,344,216,91,44,22,10,6,7,4,4,11,4,2,4,0,781,1641,1366,1362
Ford,C-Max Energi,PHEV,,,,,,,,,,,,,,,,,,,,,,,,,,,,,,,,,,,,,,,,,,,,,,,,,,,,,,,,,,,,,,,,,,,,,,,,,,,,,,,,,,,,,,,,,,,,,,144,1259,971,338,334,494,411,450,455,433,621,758,1092,941,827,471,552,610,525,782,988,831,1050,677,644,644,659,395,498,715,553,715,667,693,723,719,695,639,579,350,490,610,607,538,630,755,707,689,571,721,1289,473,639
Honda,Accord,PHEV,,,,,,,,,,,,,,,,,,,,,,,,,,,,,,,,,,,,,,,,,,,,,,,,,,,,,,,,,,,,,,,,,,,,,,,,,,,,,,,,,,,,,,,,,,,,,,,,,2,17,26,55,58,42,54,44,51,71,68,38,27,24,18,37,46,28,41,46,42,34,43,63,28,12,5,5,5,4,1,2,0,0,1,1,0,0,0,0,0,0,0,0,0,0,0,0,0,0
Ford,Fusion Energi,PHEV,,,,,,,,,,,,,,,,,,,,,,,,,,,,,,,,,,,,,,,,,,,,,,,,,,,,,,,,,,,,,,,,,,,,,,,,,,,,,,,,,,,,,,,,,,,,,,,,,0,119,295,364,416,390,407,600,750,1087,870,791,533,779,899,743,1342,1939,1226,1222,640,686,752,789,426,603,837,711,986,727,852,949,808,849,944,1058,581,932,1238,1331,1453,1700,1341,1422,1652,1372,1817,1099,606,837
Porsche,Panamera S E-Hybrid,PHEV,,,,,,,,,,,,,,,,,,,,,,,,,,,,,,,,,,,,,,,,,,,,,,,,,,,,,,,,,,,,,,,,,,,,,,,,,,,,,,,,,,,,,,,,,,,,,,,,,,,,,,,,,,,4,47,141,57,56,63,53,111,63,68,82,97,57,31,61,40,44,30,21,34,23,36,41,28,33,16,27,33,23,25,26,22,21,59,28,38,88,3,2,1
Cadillac,ELR,PHEV,,,,,,,,,,,,,,,,,,,,,,,,,,,,,,,,,,,,,,,,,,,,,,,,,,,,,,,,,,,,,,,,,,,,,,,,,,,,,,,,,,,,,,,,,,,,,,,,,,,,,,,,,,,0,6,41,58,81,61,52,97,188,196,111,152,155,118,92,127,92,104,116,62,66,45,36,82,67,135,67,91,104,95,45,94,15,6,6,3,5,3,3,0
BMW,i8,PHEV,,,,,,,,,,,,,,,,,,,,,,,,,,,,,,,,,,,,,,,,,,,,,,,,,,,,,,,,,,,,,,,,,,,,,,,,,,,,,,,,,,,,,,,,,,,,,,,,,,,,,,,,,,,,,,,,,,,,9,58,204,126,158,85,113,143,138,117,137,217,210,182,149,118,656,32,54,89,130,146,169,166,145,158,199,173,133,50,58
Porsche,Cayenne S E-hybrid,PHEV,,,,,,,,,,,,,,,,,,,,,,,,,,,,,,,,,,,,,,,,,,,,,,,,,,,,,,,,,,,,,,,,,,,,,,,,,,,,,,,,,,,,,,,,,,,,,,,,,,,,,,,,,,,,,,,,,,,,,,,45,67,83,106,72,88,111,89,77,83,70,126,121,137,146,172,244,237,191,176,148,197,131,138,179,152,177,121
Mercedes-Benz,S550 Plug,PHEV,,,,,,,,,,,,,,,,,,,,,,,,,,,,,,,,,,,,,,,,,,,,,,,,,,,,,,,,,,,,,,,,,,,,,,,,,,,,,,,,,,,,,,,,,,,,,,,,,,,,,,,,,,,,,,,,,,,,,,,,,,,,,,,10,10,17,25,21,35,19,36,12,29,27,27,32,30,41,174,52,71,55,51
Volvo,XC90 Plug In,PHEV,,,,,,,,,,,,,,,,,,,,,,,,,,,,,,,,,,,,,,,,,,,,,,,,,,,,,,,,,,,,,,,,,,,,,,,,,,,,,,,,,,,,,,,,,,,,,,,,,,,,,,,,,,,,,,,,,,,,,,,,,,,,,,,,4,0,1,7,74,226,176,178,150,110,166,178,176,148,142,161,204,96,83
BMW,X5,PHEV,,,,,,,,,,,,,,,,,,,,,,,,,,,,,,,,,,,,,,,,,,,,,,,,,,,,,,,,,,,,,,,,,,,,,,,,,,,,,,,,,,,,,,,,,,,,,,,,,,,,,,,,,,,,,,,,,,,,,,,,,,,,,,,,,,,285,607,181,345,313,655,500,583,649,876,482,406,436,569,262,275
Hyundai,Sonata Plug In,PHEV,,,,,,,,,,,,,,,,,,,,,,,,,,,,,,,,,,,,,,,,,,,,,,,,,,,,,,,,,,,,,,,,,,,,,,,,,,,,,,,,,,,,,,,,,,,,,,,,,,,,,,,,,,,,,,,,,,,,,,,,,,,,,,,,,,,15,0,175,200,275,250,250,200,350,250,275,250,275,250,150,250
Audi,A3 Plug In,PHEV,,,,,,,,,,,,,,,,,,,,,,,,,,,,,,,,,,,,,,,,,,,,,,,,,,,,,,,,,,,,,,,,,,,,,,,,,,,,,,,,,,,,,,,,,,,,,,,,,,,,,,,,,,,,,,,,,,,,,,,,,,,,,,,,,,,,,327,248,332,321,361,353,349,346,312,348,394,589,387,400
BMW,3-series Plug-In,PHEV,,,,,,,,,,,,,,,,,,,,,,,,,,,,,,,,,,,,,,,,,,,,,,,,,,,,,,,,,,,,,,,,,,,,,,,,,,,,,,,,,,,,,,,,,,,,,,,,,,,,,,,,,,,,,,,,,,,,,,,,,,,,,,,,,,,,,,,29,25,67,26,81,51,54,92,215,240,129,144
Mercedes-Benz,GLE 550e,PHEV,,,,,,,,,,,,,,,,,,,,,,,,,,,,,,,,,,,,,,,,,,,,,,,,,,,,,,,,,,,,,,,,,,,,,,,,,,,,,,,,,,,,,,,,,,,,,,,,,,,,,,,,,,,,,,,,,,,,,,,,,,,,,,,,,,,,,,,,,,19,30,24,26,19,30,83,52,59
BMW,7-series Plug-in,PHEV,,,,,,,,,,,,,,,,,,,,,,,,,,,,,,,,,,,,,,,,,,,,,,,,,,,,,,,,,,,,,,,,,,,,,,,,,,,,,,,,,,,,,,,,,,,,,,,,,,,,,,,,,,,,,,,,,,,,,,,,,,,,,,,,,,,,,,,,,,,,,,,,23,18,35
Mercedes-Benz,C350We,PHEV,,,,,,,,,,,,,,,,,,,,,,,,,,,,,,,,,,,,,,,,,,,,,,,,,,,,,,,,,,,,,,,,,,,,,,,,,,,,,,,,,,,,,,,,,,,,,,,,,,,,,,,,,,,,,,,,,,,,,,,,,,,,,,,,,,,,,,,,,,,,,,,,171,210,51
Kia,Optima Plug-in,PHEV,,,,,,,,,,,,,,,,,,,,,,,,,,,,,,,,,,,,,,,,,,,,,,,,,,,,,,,,,,,,,,,,,,,,,,,,,,,,,,,,,,,,,,,,,,,,,,,,,,,,,,,,,,,,,,,,,,,,,,,,,,,,,,,,,,,,,,,,,,,,,,,,,40,61
Nissan,LEAF,BEV,,,,,,,,,,,,,,,,,,,,,,,,,,,,,,,,,,,,,,,,,,,,,,,,,,,,,,,,,,,,,,,,,,,,,,,,19,87,67,298,573,1142,1708,931,1362,1031,849,672,954,676,478,579,370,510,535,395,685,984,1579,1539,1489,650,653,2236,1937,2138,2225,1864,2420,1953,2002,2003,2529,1252,1425,2507,2088,3117,2347,3019,3186,2881,2589,2687,3102,1070,1198,1817,1553,2104,2074,1174,1393,1247,1238,1054,1347,755,930,1246,787,979,1096,1063,1066,1316,1412,1457,1899,772,1037
Smart,ED,BEV,,,,,,,,,,,,,,,,,,,,,,,,,,,,,,,,,,,,,,,,,,,,,,,,,,,,,,,,,,,,,,,,,,,,,,,,0,16,16,0,0,8,0,1,1,0,17,101,182,0,2,0,0,0,127,6,1,0,0,3,0,1,1,0,0,60,53,58,182,137,111,153,167,97,122,186,203,206,278,298,208,182,150,313,351,147,76,103,124,102,94,109,106,94,75,178,179,48,54,70,66,75,53,62,55,44,43,47,40,15,22
Mitsubishi,I EV,BEV,,,,,,,,,,,,,,,,,,,,,,,,,,,,,,,,,,,,,,,,,,,,,,,,,,,,,,,,,,,,,,,,,,,,,,,,,,,,,,,,,,,,76,36,44,56,79,85,33,33,37,36,30,42,77,257,337,31,127,91,39,46,30,20,28,12,11,1,3,24,12,35,22,17,20,15,17,18,12,3,2,10,16,18,23,12,6,3,9,4,9,2,5,1,6,2,4,20,25,17,4,5,3,0,1
BMW,Active E,BEV,,,,,,,,,,,,,,,,,,,,,,,,,,,,,,,,,,,,,,,,,,,,,,,,,,,,,,,,,,,,,,,,,,,,,,,,,,,,,,,,,,,,,112,115,326,30,11,79,0,0,0,-2,0,0,0,0,0,0,0,0,0,0,0,0,0,0,0,0,0,0,0,0,0,0,0,0,0,0,0,0,0,0,0,0,0,0,0,0,0,0,0,0,0,0,0,0,0,0,0,0,0,0,0,0
Ford,Focus,BEV,,,,,,,,,,,,,,,,,,,,,,,,,,,,,,,,,,,,,,,,,,,,,,,,,,,,,,,,,,,,,,,,,,,,,,,,,,,,,,,,,,,,,,,,,6,89,38,34,59,118,172,167,81,158,180,147,157,177,150,175,110,115,130,158,100,129,177,116,177,197,198,264,176,186,191,53,85,145,140,124,165,152,135,176,145,126,93,96,66,81,110,81,54,54,58,75,82,73,66,101,56,228
Honda,Fit EV,BEV,,,,,,,,,,,,,,,,,,,,,,,,,,,,,,,,,,,,,,,,,,,,,,,,,,,,,,,,,,,,,,,,,,,,,,,,,,,,,,,,,,,,,,,,,,,7,9,16,16,26,19,8,15,23,22,15,208,63,66,35,40,23,51,30,33,37,50,33,38,42,55,29,23,5,32,0,0,1,0,0,0,0,0,0,1,0,0,0,0,0,0,0,0,0,0,0,0,0,0,0,0
Tesla,Model S,BEV,,,,,,,,,,,,,,,,,,,,,,,,,,,,,,,,,,,,,,,,,,,,,,,,,,,,,,,,,,,,,,,,,,,,,,,,,,,,,,,,,,,,,,,,,,,,100,150,450,800,900,1350,1450,1950,2100,2000,1800,1550,1700,1100,1300,1400,1700,1300,1400,1300,1400,1400,1400,1400,1200,1300,1300,1450,1900,1300,1400,2000,1900,2300,2800,1800,1600,2400,2100,3100,3500,1300,1900,3000,1700,1500,2800,2400,3200,4100,1200,1800,5300,1200,1700
Toyota,RAV4 EV,BEV,,,,,,,,,,,,,,,,,,,,,,,,,,,,,,,,,,,,,,,,,,,,,,,,,,,,,,,,,,,,,,,,,,,,,,,,,,,,,,,,,,,,,,,,,,,,,61,47,32,52,25,52,133,70,84,44,109,231,167,0,62,28,63,101,73,69,149,91,68,228,125,97,83,37,7,2,4,4,0,0,0,0,0,1,0,0,0,0,0,0,0,0,0,0,0,0,0,0,0,0
Chevrolet,Spark,BEV,,,,,,,,,,,,,,,,,,,,,,,,,,,,,,,,,,,,,,,,,,,,,,,,,,,,,,,,,,,,,,,,,,,,,,,,,,,,,,,,,,,,,,,,,,,,,,,,,,,,,,27,103,102,78,87,87,76,93,71,108,97,182,85,128,80,51,58,61,131,86,119,151,920,283,226,57,135,157,177,166,152,139,216,252,419,394,359,333,292,315,260,39,17,4,4
Fiat,500E,BEV,,,,,,,,,,,,,,,,,,,,,,,,,,,,,,,,,,,,,,,,,,,,,,,,,,,,,,,,,,,,,,,,,,,,,,,,,,,,,,,,,,,,,,,,,,,,,,,,,,,,,,,,50,50,50,60,50,35,40,166,152,167,166,119,166,137,140,100,115,119,117,164,450,471,411,353,370,347,231,174,270,217,195,373,372,388,278,274,311,370,319,287,353,305,283
BMW,i3,BEV,,,,,,,,,,,,,,,,,,,,,,,,,,,,,,,,,,,,,,,,,,,,,,,,,,,,,,,,,,,,,,,,,,,,,,,,,,,,,,,,,,,,,,,,,,,,,,,,,,,,,,,,,,,,,,,,,336,358,363,1025,1022,1159,816,1013,670,1089,922,406,818,551,935,792,1710,986,723,1422,182,248,332,814,696,608,1479,1013,391,442,629,791,382,318
Mercedes-Benz,B-Class,BEV,,,,,,,,,,,,,,,,,,,,,,,,,,,,,,,,,,,,,,,,,,,,,,,,,,,,,,,,,,,,,,,,,,,,,,,,,,,,,,,,,,,,,,,,,,,,,,,,,,,,,,,,,,,,,,,,,,,41,51,65,98,193,326,240,109,145,158,278,242,196,172,147,81,41,97,58,37,66,56,49,44,50,57,51,58,52,54,53,56
Volkswagen,e-Golf,BEV,,,,,,,,,,,,,,,,,,,,,,,,,,,,,,,,,,,,,,,,,,,,,,,,,,,,,,,,,,,,,,,,,,,,,,,,,,,,,,,,,,,,,,,,,,,,,,,,,,,,,,,,,,,,,,,,,,,,,0,1,119,237,181,130,195,309,410,293,313,381,343,596,472,609,328,198,86,326,269,248,344,454,529,407,305,443,332,293
Kia,Soul EV,BEV,,,,,,,,,,,,,,,,,,,,,,,,,,,,,,,,,,,,,,,,,,,,,,,,,,,,,,,,,,,,,,,,,,,,,,,,,,,,,,,,,,,,,,,,,,,,,,,,,,,,,,,,,,,,,,,,,,,,,,109,140,110,69,48,63,73,108,109,59,93,105,109,83,96,81,60,79,139,120,134,179,153,217,190,179,197,117,152
Tesla,Model X,BEV,,,,,,,,,,,,,,,,,,,,,,,,,,,,,,,,,,,,,,,,,,,,,,,,,,,,,,,,,,,,,,,,,,,,,,,,,,,,,,,,,,,,,,,,,,,,,,,,,,,,,,,,,,,,,,,,,,,,,,,,,,,,,,,,,6,10,15,177,400,500,1500,1500,2000,2000,1500,1900,2600,1000,1400,3300,1000,800
Chevrolet,Bolt,BEV,,,,,,,,,,,,,,,,,,,,,,,,,,,,,,,,,,,,,,,,,,,,,,,,,,,,,,,,,,,,,,,,,,,,,,,,,,,,,,,,,,,,,,,,,,,,,,,,,,,,,,,,,,,,,,,,,,,,,,,,,,,,,,,,,,,,,,,,,,,,,,,,579,1162,952
Hyundai,Tucson,FCEV,,,,,,,,,,,,,,,,,,,,,,,,,,,,,,,,,,,,,,,,,,,,,,,,,,,,,,,,,,,,,,,,,,,,,,,,,,,,,,,,,,,,,,,,,,,,,,,,,,,,,,,,,,,,,,,,,,6,10,10,6,1,10,12,6,3,3,1,2,2,0,1,5,1,0,0,2,3,4,4,4,8,8,2,4,0,0,1,2,5
Toyota,Mirai,FCEV,,,,,,,,,,,,,,,,,,,,,,,,,,,,,,,,,,,,,,,,,,,,,,,,,,,,,,,,,,,,,,,,,,,,,,,,,,,,,,,,,,,,,,,,,,,,,,,,,,,,,,,,,,,,,,,,,,,,,,,,,,,,,,,2,0,2,38,23,15,26,30,41,41,40,40,52,371,69,103,105,116,83,110
Honda,Clarity,FCEV,,,,,,,,,,,,,,,,,,,,,,,,,,,,,,,,,,,,,,,,,,,,,,,,,,,,,,,,,,,,,,,,,,,,,,,,,,,,,,,,,,,,,,,,,,,,,,,,,,,,,,,,,,,,,,,,,,,,,,,,,,,,,,,,,,,,,,,,,,,,,,,,,42,27